Direction,Elevator,Floor,Garden,Layout,Region,Price,Renovation,Size,Year
南北,无电梯,低楼层(共6层),翠竹苑,3室1厅,浦东,365,简装,77.84,1995
南,有电梯,低楼层(共36层),百汇园,3室2厅,徐汇,1449,精装,145.2,1995
南北,有电梯,中楼层(共26层),仁恒河滨城(二期),3室2厅,浦东,1630,精装,161.94,1995
南,有电梯,高楼层(共30层),财富海景花园,3室2厅,浦东,2000,精装,185,1995
东,有电梯,中楼层(共26层),仁恒滨江园,3室2厅,浦东,1360,精装,130.41,1995
南,有电梯,中楼层(共34层),老西门新苑,3室2厅,黄浦,1366,精装,143.08,1995
南,有电梯,中楼层(共13层),浦江茗园,3室2厅,浦东,1180,精装,141.25,1995
西南,有电梯,高楼层(共41层),世茂滨江花园,2室2厅,浦东,1450,精装,147.39,1995
南,有电梯,中楼层(共11层),中芯花园(公寓),2室2厅,浦东,630,精装,101.86,1995
南北,无电梯,低楼层(共6层),金水苑,3室2厅,奉贤,240,简装,133.62,1995
南北,有电梯,中楼层(共31层),上海滩花园,2室2厅,黄浦,1290,精装,120.61,1995
南,无电梯,中楼层(共5层),绿野香洲(公寓),3室2厅,闵行,660,精装,107.53,1995
南北,无电梯,高楼层(共7层),光复新苑,3室2厅,普陀,540,精装,90.52,1995
南,有电梯,高楼层(共16层),上海绿城,3室2厅,浦东,1150,精装,134.55,1995
南,有电梯,低楼层(共11层),万科城花新园,3室2厅,闵行,860,精装,129.73,1995
南,有电梯,低楼层(共18层),鸿凯湾绿苑,3室2厅,长宁,1090,简装,120.76,1995
南,有电梯,低楼层(共18层),荣域飘鹰锦和花园(公寓),2室2厅,宝山,315,毛坯,90.5,1995
南,有电梯,低楼层(共9层),恒大华城天地苑,3室2厅,浦东,768,简装,115.67,1995
南,有电梯,高楼层(共18层),中环家园,3室2厅,普陀,850,精装,131.58,1995
南,有电梯,低楼层(共35层),浦东世纪花园(公寓),3室2厅,浦东,1400,精装,179.52,1995
南,有电梯,低楼层(共18层),星颂家园,2室2厅,浦东,265,精装,72.64,1995
南,有电梯,低楼层(共11层),莲浦府邸(公寓),3室2厅,闵行,975,精装,141.21,1995
南,有电梯,高楼层(共13层),广洋新景苑(公寓),2室2厅,浦东,1000,精装,116.54,1995
南,有电梯,中楼层(共11层),欧风花都,2室2厅,闵行,628,精装,104.89,1995
南,无电梯,高楼层(共6层),长兴坊,3室1厅,徐汇,515,精装,83.88,1995
南,无电梯,高楼层(共6层),锦绣苑,2室2厅,浦东,660,精装,98.18,1995
南,无电梯,低楼层(共6层),兴浦新村,2室1厅,杨浦,255,简装,63.98,1995
南,无电梯,中楼层(共5层),安图新村,2室1厅,杨浦,320,精装,58.05,1995
南,有电梯,低楼层(共15层),绿地新江桥城,2室1厅,嘉定,303,其他,77.42,1995
南北,有电梯,高楼层(共11层),绿地世纪城(二期),3室2厅,普陀,898,精装,113.05,1995
南,有电梯,高楼层(共30层),仁恒河滨城(二期),3室2厅,浦东,1290,精装,151.16,1995
南北,有电梯,高楼层(共14层),盛达家园,2室2厅,宝山,380,简装,91.42,1995
南,有电梯,中楼层(共18层),香梅花园(三-五期),3室2厅,浦东,1379,其他,160.87,1995
南,有电梯,高楼层(共11层),君莲新城广润苑,2室2厅,闵行,355,简装,86.37,1995
南,有电梯,高楼层(共12层),新梅公寓,2室2厅,闵行,499,精装,108.53,1995
南,无电梯,低楼层(共6层),振宏小区,2室1厅,闵行,375,精装,65,1995
南,有电梯,中楼层(共18层),紫薇园,3室1厅,徐汇,660,简装,107.27,1995
南,有电梯,中楼层(共12层),新江湾城雍景苑,3室1厅,杨浦,935,精装,136.18,1995
南,有电梯,低楼层(共13层),绿城玉兰花园(一期),3室2厅,浦东,1260,精装,191.76,1995
南北,有电梯,高楼层(共13层),翰锦苑,3室2厅,浦东,740,精装,114.86,1995
南,有电梯,低楼层(共24层),嘉瑞花苑,2室2厅,徐汇,900,精装,115.17,1995
南,有电梯,高楼层(共35层),浦东世纪花园(公寓),3室2厅,浦东,1600,精装,179.52,1995
南,有电梯,中楼层(共7层),东方知音苑,3室2厅,浦东,970,精装,115,1995
南,,低楼层(共30层),华丽家族汇景天地(商业类),1室0厅,黄浦,358,精装,80.87,1995
南,无电梯,高楼层(共6层),航华四村,2室1厅,闵行,255,其他,66.57,1995
南,有电梯,高楼层(共15层),上海康城,3室2厅,闵行,456,精装,135.79,1995
南,有电梯,低楼层(共30层),耀江花园,2室2厅,黄浦,1300,精装,111.39,1995
南,无电梯,低楼层(共6层),打浦路210弄,2室1厅,黄浦,385,精装,45.17,1995
南,有电梯,中楼层(共26层),仁恒河滨城(三期),3室2厅,浦东,1370,其他,136.31,1995
南北,无电梯,低楼层(共6层),广洋苑,3室2厅,浦东,670,简装,85.74,1995
南,有电梯,中楼层(共29层),翠湖天地嘉苑,2室2厅,黄浦,1870,精装,134.89,1995
南,有电梯,中楼层(共23层),维多利亚(公寓),2室2厅,长宁,820,简装,139.69,1995
南,无电梯,高楼层(共6层),丽泽兰馨苑,1室1厅,浦东,116,毛坯,60.11,1995
南,无电梯,低楼层(共6层),武定路540弄,2室1厅,静安,450,简装,54,1995
西,有电梯,高楼层(共24层),银欣花苑(虹口),2室2厅,虹口,600,精装,117.41,1995
南,有电梯,低楼层(共11层),水语人家南苑,1室1厅,闵行,175,精装,56.45,1995
南北,无电梯,中楼层(共6层),水岸金桥苑,2室1厅,嘉定,305,毛坯,73.58,1995
南北,有电梯,低楼层(共12层),香逸湾,3室2厅,宝山,350,精装,89.27,1995
南,有电梯,高楼层(共7层),张江汤臣豪园(二期),2室2厅,浦东,665,简装,76.87,1995
南,有电梯,高楼层(共14层),中城绿苑,2室2厅,闵行,540,简装,85.65,1995
南,无电梯,高楼层(共6层),金龙花苑牡丹园,2室1厅,徐汇,460,简装,69.59,1995
南,无电梯,高楼层(共6层),万科朗润园,2室2厅,闵行,533,精装,91.72,1995
东南,有电梯,中楼层(共20层),大华锦绣华城(十六街区)(公寓),2室1厅,浦东,475,简装,70.57,1995
南北,无电梯,高楼层(共6层),锦绣苑,3室2厅,浦东,820,精装,130.21,1995
南,无电梯,中楼层(共5层),万科白马花园(公寓),3室2厅,松江,312,精装,88.29,1995
南北,无电梯,低楼层(共6层),金坤花园,3室2厅,闵行,650,精装,134.92,1995
南,有电梯,低楼层(共39层),静安豪景苑,2室2厅,静安,1263,精装,115.82,1995
南,无电梯,低楼层(共6层),东陆新村五街坊,2室1厅,浦东,415,毛坯,71,1995
南北,有电梯,中楼层(共11层),博学家园,2室1厅,浦东,465,毛坯,78.51,1995
东南,有电梯,中楼层(共35层),国信世纪海景,3室2厅,浦东,2206,精装,235.69,1995
南,无电梯,高楼层(共6层),鹏海小区,2室1厅,浦东,335,精装,72.66,1995
南,无电梯,高楼层(共6层),茂盛城市花园,2室1厅,闵行,490,简装,70.48,1995
南,有电梯,高楼层(共33层),汇翠花园,2室2厅,徐汇,760,毛坯,87.37,1995
南,无电梯,高楼层(共6层),广洋苑,2室2厅,浦东,700,精装,99.14,1995
南,有电梯,高楼层(共24层),新宏安大厦,2室2厅,静安,830,简装,107.97,1995
南,有电梯,高楼层(共21层),银杏家园,1室2厅,黄浦,718,简装,102.82,1995
南北,无电梯,中楼层(共6层),王家堂小区,2室1厅,徐汇,396,精装,44.2,1995
东南,有电梯,中楼层(共18层),真北二街坊,2室1厅,普陀,349,毛坯,73.52,1995
223.79平米,,3层2005年建板楼),万科蓝山,联排别墅,浦东,1180,南,3室2厅,
南北,有电梯,中楼层(共18层),好世皇马苑,3室2厅,嘉定,565,其他,140.08,1995
南,有电梯,高楼层(共17层),长桥一村,2室1厅,徐汇,408,简装,59.43,1995
南,有电梯,低楼层(共17层),中海馨园,3室2厅,徐汇,1130,简装,144.97,1995
南,无电梯,低楼层(共6层),广海花园,2室1厅,闵行,355,精装,67.17,1995
西北,有电梯,中楼层(共55层),世茂滨江花园,3室2厅,浦东,1770,精装,236.95,1995
南北,有电梯,低楼层(共16层),绿地海域笙晖(公寓),3室2厅,宝山,345,简装,94,1995
南,有电梯,低楼层(共14层),中环一号(一期),2室2厅,宝山,462,毛坯,97.39,1995
南,有电梯,低楼层(共19层),金桥爱建园,3室3厅,浦东,1250,精装,171.86,1995
南北,有电梯,高楼层(共8层),尚东国际名园,3室2厅,浦东,1230,毛坯,143.83,1995
南,有电梯,低楼层(共11层),上海绿城,4室2厅,浦东,1260,精装,147.31,1995
南,无电梯,中楼层(共5层),谨斜小区,1室1厅,徐汇,220,精装,34.62,1995
南,有电梯,高楼层(共20层),国际丽都城,5室3厅,静安,4680,精装,330.29,1995
南北,无电梯,中楼层(共4层),万科优诗美地,3室2厅,闵行,620,简装,120.37,1995
南,有电梯,高楼层(共26层),德安大厦,2室1厅,静安,730,简装,99.25,1995
南,有电梯,低楼层(共26层),仁恒河滨城(一期),3室2厅,浦东,1250,精装,131.08,1995
南,有电梯,低楼层(共31层),白金湾府邸,3室2厅,虹口,2600,精装,278.28,1995
南,有电梯,中楼层(共14层),金地湾流域(公寓),4室2厅,浦东,1300,精装,178.21,1995
南,无电梯,低楼层(共6层),恒大华城东林苑,3室1厅,浦东,465,简装,79.36,1995
南,无电梯,中楼层(共6层),河滨城市花园,2室2厅,浦东,380,精装,86,1995
南北,有电梯,低楼层(共23层),凯旋华庭,2室2厅,普陀,740,精装,111.96,1995
南,无电梯,中楼层(共5层),万科假日风景(公寓),2室1厅,闵行,598,精装,92.01,1995
南,无电梯,高楼层(共6层),远景佳苑一期,2室2厅,宝山,432,简装,96.64,1995
南北,有电梯,高楼层(共14层),新梅共和城,3室2厅,闸北,905,毛坯,125.55,1995
南北,有电梯,中楼层(共8层),绿地香颂(奉贤)(公寓),1室1厅,奉贤,115,简装,62.16,1995
南北,有电梯,中楼层(共14层),荣域飘鹰锦和花园(公寓),2室2厅,宝山,385,精装,86.88,1995
南西,有电梯,低楼层(共16层),凯德嘉博名邸,2室1厅,浦东,700,精装,89.93,1995
南,有电梯,中楼层(共25层),黄浦新苑(公寓),3室2厅,黄浦,1398,精装,158.11,1995
南,有电梯,低楼层(共21层),华润中央公园(陈翔公路1588弄),2室2厅,嘉定,443,精装,83.58,1995
暂无数据,有电梯,中楼层(共14层),象屿名城,2室2厅,松江,385,其他,91.22,1995
南,无电梯,中楼层(共6层),高兴花园,2室1厅,闵行,340,简装,70,1995
南北,无电梯,中楼层(共5层),万科金色雅筑,3室2厅,浦东,640,其他,89,1995
南,无电梯,低楼层(共6层),成亿宝盛家苑,2室2厅,宝山,260,简装,73.81,1995
南,无电梯,中楼层(共6层),呼玛五村,3室1厅,宝山,290,毛坯,75.29,1995
南,无电梯,低楼层(共6层),皇都花园(公寓),3室2厅,闵行,1150,精装,176.37,1995
南北,有电梯,中楼层(共11层),莲浦府邸(公寓),2室2厅,闵行,790,精装,116.21,1995
南,有电梯,中楼层(共25层),华润外滩九里,3室2厅,黄浦,2450,精装,187.98,1995
南,有电梯,中楼层(共31层),联洋花园(二期),3室2厅,浦东,1280,精装,149.22,1995
暂无数据,有电梯,低楼层(共20层),瑞嘉苑,2室2厅,虹口,740,其他,90.43,1995
南,无电梯,高楼层(共6层),密三小区,1室1厅,虹口,230,毛坯,39.53,1995
南,有电梯,高楼层(共32层),汇龙新城,3室2厅,黄浦,1370,精装,134.35,1995
南,有电梯,中楼层(共7层),浦润苑,2室2厅,闵行,300,其他,88.32,1995
南北,有电梯,低楼层(共13层),金谊河畔,2室2厅,浦东,550,其他,101.57,1995
南北,有电梯,低楼层(共11层),中信和平家园,2室2厅,虹口,790,精装,90.69,1995
西南,有电梯,中楼层(共35层),江临天下,3室2厅,浦东,1199,精装,135.37,1995
东南南,有电梯,低楼层(共34层),虹祺花苑(公寓),3室2厅,虹口,800,精装,145.37,1995
南,无电梯,高楼层(共6层),思浦小区,1室1厅,浦东,240,简装,49.92,1995
南,有电梯,低楼层(共11层),静安新城七区,3室2厅,闵行,698,简装,103.97,1995
南,有电梯,低楼层(共8层),红墅1858(公寓),3室2厅,松江,330,简装,89.6,1995
南,无电梯,低楼层(共6层),光华园,3室1厅,徐汇,680,毛坯,81.28,1995
东南,有电梯,低楼层(共39层),瑞虹新城(一期),4室2厅,虹口,1050,简装,177.1,1995
南西,有电梯,高楼层(共11层),愉景华庭,3室2厅,普陀,900,精装,148.26,1995
南,有电梯,低楼层(共11层),畅馨园,3室2厅,闵行,500,毛坯,131.71,1995
南,有电梯,中楼层(共32层),菊园,3室2厅,浦东,1050,精装,120.08,1995
南,有电梯,中楼层(共7层),天馨花园(公寓),3室1厅,宝山,410,简装,130.24,1995
南,有电梯,低楼层(共17层),保利御樽苑(公寓),3室2厅,浦东,650,其他,133.97,1995
南,无电梯,低楼层(共6层),枫庭丽苑,2室2厅,宝山,520,精装,96.16,1995
南北,无电梯,高楼层(共6层),天池一村,2室1厅,浦东,290,简装,54.05,1995
南,无电梯,高楼层(共6层),逸仙二村,2室1厅,宝山,260,简装,62.27,1995
南,无电梯,高楼层(共6层),长虹公寓,2室1厅,长宁,340,简装,64.09,1995
南,无电梯,中楼层(共6层),天环苑,2室2厅,浦东,220,毛坯,77.41,1995
南,无电梯,中楼层(共5层),思浦小区,2室0厅,浦东,245,简装,48.65,1995
南北,有电梯,低楼层(共33层),金地艺境(宝山),2室1厅,宝山,255,精装,71.99,1995
南北,,高楼层(共18层),棕榈滩海景城,2室2厅,奉贤,160,毛坯,90.35,1995
东南,有电梯,高楼层(共14层),幸福小镇,2室1厅,浦东,370,简装,77.42,1995
南,无电梯,低楼层(共6层),四季绿城,3室2厅,宝山,565,精装,106.65,1995
南北,有电梯,高楼层(共7层),浦江华侨城6期,3室2厅,闵行,670,精装,106.3,1995
南,有电梯,低楼层(共33层),永新城,3室2厅,徐汇,1470,精装,126.27,1995
南北,有电梯,中楼层(共26层),耀江花园,3室2厅,黄浦,1620,精装,136.89,1995
南,有电梯,低楼层(共7层),缘圆宝邸,2室2厅,嘉定,324,精装,73.01,1995
南,无电梯,高楼层(共6层),宝仪花苑,2室1厅,闵行,460,精装,72,1995
南,无电梯,中楼层(共6层),金利公寓,2室2厅,浦东,350,精装,87.88,1995
南,无电梯,低楼层(共6层),罗山六村,3室1厅,浦东,460,简装,94.34,1995
暂无数据,有电梯,中楼层(共21层),名都古北,4室2厅,闵行,1660,精装,229,1995
南,有电梯,中楼层(共17层),浦东星河湾,4室3厅,浦东,2700,精装,301.31,1995
南,有电梯,中楼层(共12层),静安新城七区,3室2厅,闵行,978,精装,137,1995
西南,有电梯,中楼层(共35层),江临天下,3室2厅,浦东,1350,其他,148.55,1995
南北,有电梯,高楼层(共17层),中环家园,3室2厅,普陀,818,精装,131.82,1995
南北,无电梯,低楼层(共6层),金帝城市岸泊(公寓),3室2厅,嘉定,395,精装,114.37,1995
东南,,高楼层(共30层),新时空国际商务广场,1室1厅,长宁,195,精装,40.61,1995
南北,无电梯,高楼层(共6层),西凌新邨,2室1厅,黄浦,400,简装,56.56,1995
南,无电梯,高楼层(共7层),三门路358弄,2室1厅,杨浦,285,毛坯,60.68,1995
南,有电梯,低楼层(共11层),鼎鑫名流世家,2室2厅,浦东,390,精装,92.72,1995
东,无电梯,高楼层(共6层),威宁小区,2室1厅,长宁,338,精装,55.16,1995
南,无电梯,高楼层(共6层),育秀三区,2室1厅,奉贤,147.8,其他,67.98,1995
南,有电梯,高楼层(共32层),徐汇苑,2室2厅,徐汇,1030,简装,129.52,1995
南,无电梯,高楼层(共6层),共富四村,2室1厅,宝山,289,简装,78.71,1995
南,无电梯,高楼层(共6层),仲信苑,2室1厅,长宁,550,其他,64.25,1995
南,有电梯,低楼层(共11层),水清年华花园,1室1厅,闵行,320,精装,58.62,1995
南,有电梯,高楼层(共18层),华丽家族花园,3室2厅,浦东,1450,精装,155.25,1995
南,有电梯,中楼层(共7层),涵合园(公寓),3室2厅,浦东,1345,精装,174.8,1995
南,有电梯,中楼层(共8层),秋水云庐,3室2厅,普陀,1200,简装,145.89,1995
南,有电梯,低楼层(共26层),耀江花园,3室2厅,黄浦,1580,精装,136.25,1995
南北,有电梯,中楼层(共17层),万达城市公寓,2室2厅,嘉定,470,精装,87.07,1995
南北,有电梯,高楼层(共35层),大同花园南区,3室2厅,黄浦,1230,简装,153.74,1995
西南,,低楼层(共31层),尚海湾豪庭,3室2厅,徐汇,1299,精装,144.87,1995
南西南,有电梯,低楼层(共35层),江临天下,4室2厅,浦东,1500,精装,165.73,1995
南北,有电梯,高楼层(共14层),祥源福邸,2室2厅,嘉定,355,精装,86.18,1995
南北,有电梯,高楼层(共9层),玉华东苑,3室2厅,宝山,600,精装,118.95,1995
南,有电梯,中楼层(共26层),仁恒河滨城(三期),2室2厅,浦东,1170,精装,112.69,1995
南北,有电梯,中楼层(共20层),大宁金茂府,3室2厅,闸北,1580,精装,159.86,1995
南,有电梯,低楼层(共15层),当代清水园,3室2厅,浦东,1288.9,精装,135.56,1995
南,有电梯,低楼层(共16层),大华锦绣华城(十八街区)(公寓),2室2厅,浦东,646,简装,82.88,1995
南,无电梯,高楼层(共6层),华高二村,1室1厅,浦东,230,简装,54.05,1995
南,有电梯,高楼层(共35层),国信世纪海景,3室2厅,浦东,2350,精装,235.69,1995
暂无数据,无电梯,高楼层(共6层),通海一小区,2室1厅,闵行,210,简装,70.53,1995
南北,有电梯,高楼层(共18层),龙湖郦城,3室2厅,嘉定,442,其他,104.69,1995
南,有电梯,高楼层(共18层),古北御庭,2室2厅,浦东,1010,精装,104.93,1995
南,无电梯,低楼层(共6层),竹园小区(嘉定),2室1厅,嘉定,228,精装,75.96,1995
南北,有电梯,低楼层(共22层),好世皇马苑,2室2厅,嘉定,335,精装,83.55,1995
南,有电梯,低楼层(共43层),盛大金磐,3室2厅,浦东,2300,精装,194.28,1995
南,有电梯,高楼层(共16层),佳信都市花园(公寓),7室2厅,长宁,1880,简装,261.11,1995
东南,有电梯,中楼层(共21层),延平大厦,2室2厅,静安,860,精装,116.27,1995
南,,高楼层(共7层),静安恬园,3室2厅,静安,849,精装,137.25,1995
南,有电梯,中楼层(共16层),环球翡翠湾花园(公寓),2室2厅,浦东,550,精装,94.46,1995
南,有电梯,中楼层(共12层),经纬阳光水岸家园(一期),1室2厅,宝山,305,精装,60.14,1995
南,有电梯,低楼层(共33层),中凯城市之光(徐汇),4室2厅,徐汇,4500,精装,403.91,1995
南,有电梯,低楼层(共25层),临沂大楼,2室2厅,浦东,510,其他,88.27,1995
南,无电梯,低楼层(共6层),申江豪城,2室2厅,浦东,570,简装,91.22,1995
南,有电梯,低楼层(共11层),大华清水湾,4室2厅,普陀,1400,简装,193.73,1995
南北,有电梯,高楼层(共13层),印象春城,2室2厅,浦东,405,简装,89.95,1995
南,无电梯,高楼层(共6层),沁秋小区,2室1厅,长宁,275,精装,50.54,1995
南,有电梯,低楼层(共20层),江临天下,3室2厅,浦东,1150,精装,129.75,1995
西北,无电梯,低楼层(共6层),香楠小区,2室1厅,浦东,355,精装,71.76,1995
南,有电梯,低楼层(共23层),虹桥衡园,3室2厅,闵行,950,精装,147.15,1995
南,有电梯,高楼层(共33层),城市方园,2室1厅,杨浦,330,精装,69.81,1995
南,有电梯,低楼层(共16层),金桥瑞仕花园,3室3厅,浦东,1600,精装,292.31,1995
南,有电梯,低楼层(共30层),尚海湾豪庭,5室2厅,徐汇,2750,精装,267.79,1995
南,有电梯,中楼层(共18层),永兆豪庭,3室2厅,徐汇,850,毛坯,128.36,1995
南,无电梯,高楼层(共6层),紫叶花园,1室1厅,浦东,240,简装,48.3,1995
南,有电梯,高楼层(共24层),东上海中心,2室1厅,杨浦,620,精装,85.97,1995
南,无电梯,高楼层(共6层),沁秋小区,2室1厅,长宁,330,精装,58.9,1995
南,无电梯,高楼层(共6层),汪家井小区,1室1厅,普陀,212,精装,45.57,1995
南,有电梯,低楼层(共29层),馨宁公寓,1室0厅,徐汇,240,其他,42.29,1995
南,无电梯,中楼层(共4层),永嘉新村,2室1厅,徐汇,1090,精装,89.3,1995
南,有电梯,低楼层(共20层),中海御景熙岸(公寓),3室2厅,浦东,393,精装,88.82,1995
南,无电梯,高楼层(共6层),紫荆新苑,3室2厅,黄浦,840,简装,119.04,1995
南北,有电梯,高楼层(共24层),四和花园,3室1厅,静安,808,精装,94.63,1995
南,无电梯,中楼层(共5层),同润加州(公寓),3室2厅,松江,415,毛坯,136.84,1995
南,无电梯,低楼层(共4层),祝和苑,1室1厅,浦东,150,其他,53,1995
南,,高楼层(共29层),荣和怡景园,2室1厅,普陀,340,精装,65,1995
南北,无电梯,高楼层(共6层),四平路幸福村,2室1厅,虹口,325,精装,55.52,1995
南,,高楼层(共18层),同润蓝美俊庭,2室2厅,浦东,185,毛坯,92.46,1995
南,有电梯,中楼层(共11层),中鼎豪园,3室2厅,普陀,715,毛坯,138.32,1995
南,有电梯,中楼层(共21层),香梅花园,3室2厅,浦东,1300,精装,159.01,1995
南西北,有电梯,中楼层(共17层),保利叶语(二期)(公寓),4室2厅,宝山,620,毛坯,123.42,1995
南,有电梯,高楼层(共14层),浦润苑,2室2厅,闵行,256,毛坯,82.94,1995
南,,高楼层(共6层),佳乐苑,3室2厅,青浦,309,毛坯,124.34,1995
南,无电梯,中楼层(共6层),樱花坊,2室2厅,浦东,625,简装,77.49,1995
南北,无电梯,中楼层(共7层),泰宸苑,2室2厅,普陀,470,精装,86,1995
南,有电梯,高楼层(共22层),爱家亚洲花园,2室2厅,浦东,750,简装,118.88,1995
南北,无电梯,高楼层(共6层),杉林新月环林东路879弄,3室1厅,浦东,345,简装,74.44,1995
南,,高楼层(共26层),翔和雅苑,2室2厅,嘉定,250,毛坯,70.46,1995
南北,有电梯,中楼层(共11层),新浦江城(江栀路350弄),2室2厅,闵行,530,毛坯,89.69,1995
南北,有电梯,中楼层(共28层),金瓯万国大厦,3室2厅,黄浦,1050,精装,126.32,1995
南,有电梯,高楼层(共19层),米兰诺贵都,2室2厅,松江,310,精装,87.53,1995
南,,高楼层(共18层),翔和雅苑,2室1厅,嘉定,255,毛坯,69.6,1995
南,有电梯,中楼层(共14层),浦润苑,2室2厅,闵行,261,毛坯,80.22,1995
南北,有电梯,低楼层(共11层),永泰花苑,2室1厅,浦东,348,简装,73.16,1995
南,,高楼层(共8层),保集澜湾(公寓),3室2厅,浦东,645,毛坯,123.33,1995
南,有电梯,低楼层(共20层),绿地清猗园(威廉公馆),2室2厅,嘉定,410,毛坯,86.99,1995
南,无电梯,低楼层(共6层),景峰苑,2室1厅,上海周边,310,简装,61.59,1995
南,有电梯,低楼层(共18层),嘉秀新苑,2室2厅,嘉定,420,简装,85.89,1995
南,无电梯,高楼层(共6层),昕泰苑,3室2厅,浦东,710,其他,135.48,1995
南,有电梯,中楼层(共13层),保利金爵公寓,3室1厅,浦东,440,其他,83.36,1995
南,有电梯,低楼层(共18层),大华锦绣华城(四街区),2室2厅,浦东,550,毛坯,94.37,1995
南北,有电梯,中楼层(共11层),城中花园,3室2厅,浦东,520,精装,122.2,1995
东南,有电梯,中楼层(共33层),新湖明珠城,3室2厅,普陀,1330,毛坯,179.91,1995
南北,有电梯,高楼层(共19层),达安花园,3室2厅,静安,898,精装,121.11,1995
南,有电梯,中楼层(共24层),鑫隆花园,2室1厅,徐汇,415,其他,89.87,1995
南,无电梯,高楼层(共6层),证大家园(二期),2室2厅,浦东,589,精装,84.52,1995
东南,有电梯,低楼层(共26层),阳光威尼斯(三期),2室1厅,普陀,315,简装,77.95,1995
南,有电梯,低楼层(共14层),经纬学府涵青花园(二期),2室2厅,宝山,416,精装,95.28,1995
南,有电梯,中楼层(共18层),莱顿小城,2室2厅,松江,280,精装,85.78,1995
西,有电梯,高楼层(共49层),世茂滨江花园,3室2厅,浦东,2190,精装,237.93,1995
南,有电梯,低楼层(共14层),上海绿城,3室2厅,浦东,1000,精装,125.61,1995
南北,无电梯,高楼层(共6层),成亿家园,2室2厅,闵行,608,简装,107.13,1995
东南,有电梯,中楼层(共34层),佳安公寓,3室2厅,徐汇,988,精装,167.37,1995
南,无电梯,高楼层(共6层),三林安居苑,2室1厅,浦东,320,精装,64,1995
南,有电梯,中楼层(共29层),天际花园,3室2厅,徐汇,1500,精装,152.44,1995
南,有电梯,高楼层(共18层),黄浦丽园,2室2厅,黄浦,1090,精装,104,1995
南北,无电梯,中楼层(共6层),杉林新月环林东路879弄,2室1厅,浦东,388,其他,73.49,1995
南西北,,中楼层(共7层),静安恬园,3室2厅,静安,870,精装,146.13,1995
西南,有电梯,低楼层(共38层),融创滨江壹号院,3室2厅,黄浦,2300,精装,217.91,1995
南,,低楼层(共23层),大名城名郡,3室2厅,嘉定,285,精装,88,1995
南北,无电梯,高楼层(共6层),川杨新苑(三期),2室2厅,浦东,350,简装,87.37,1995
东北,有电梯,低楼层(共22层),世纪之门,2室2厅,普陀,605,简装,91.62,1995
西南,有电梯,高楼层(共4层),金桥酒店公寓,1室1厅,浦东,400,精装,63.79,1995
南北,有电梯,低楼层(共17层),福源汇居,2室2厅,徐汇,1100,精装,120.93,1995
东南,有电梯,低楼层(共35层),江临天下,4室2厅,浦东,1648,精装,197.07,1995
南,有电梯,高楼层(共16层),奥林匹克花园,2室2厅,松江,335,精装,81.7,1995
南,有电梯,中楼层(共28层),襄阳公寓,2室2厅,徐汇,1260,精装,111.89,1995
南,无电梯,高楼层(共6层),万科假日风景(公寓),2室2厅,闵行,560,简装,91.8,1995
暂无数据,无电梯,低楼层(共6层),紫叶花园东园,2室1厅,浦东,355,简装,68.65,1995
南,无电梯,中楼层(共6层),十字街大楼,3室2厅,浦东,220,毛坯,94.81,1995
北,,低楼层(共30层),华丽家族汇景天地(商业类),1室1厅,黄浦,300,精装,68.09,1995
南,无电梯,低楼层(共6层),水霞小区,2室1厅,长宁,372,简装,49,1995
东南,有电梯,中楼层(共25层),仁恒河滨花园,4室2厅,长宁,1470,精装,163.1,1995
南,无电梯,高楼层(共6层),南方新村,1室1厅,闵行,240,简装,47.43,1995
南,有电梯,低楼层(共32层),香港丽园,3室2厅,虹口,785,精装,112.65,1995
南,有电梯,低楼层(共14层),碧林湾(公寓),3室2厅,闵行,710,精装,129,1995
南,有电梯,低楼层(共29层),馨宁公寓,2室1厅,徐汇,335,其他,62.4,1995
南,有电梯,低楼层(共18层),大华锦绣华城(十五街区),3室2厅,浦东,830,精装,101,1995
西南,有电梯,低楼层(共23层),中远两湾城,3室2厅,普陀,810,精装,118.7,1995
南,有电梯,低楼层(共14层),新凯城香樟苑,3室1厅,松江,241,简装,80.5,1995
南,有电梯,中楼层(共28层),武宁小城,2室1厅,普陀,575,精装,92.03,1995
南,无电梯,高楼层(共6层),花苑茶花园,2室1厅,徐汇,368,简装,59.16,1995
南,无电梯,高楼层(共6层),南方新村,3室1厅,闵行,415,简装,89.19,1995
南,无电梯,高楼层(共6层),东方花园(一期),2室2厅,闵行,438,精装,82.81,1995
南,有电梯,低楼层(共11层),御上海,2室2厅,松江,380,毛坯,92.23,1995
东南,无电梯,高楼层(共6层),景江苑A区,2室2厅,闵行,315,毛坯,90.45,1995
南,有电梯,低楼层(共31层),圣骊河滨苑,2室1厅,杨浦,720,精装,85.84,1995
南,有电梯,低楼层(共21层),香梅花园(三-五期),2室2厅,浦东,1100,精装,131.5,1995
南,有电梯,高楼层(共30层),太阳都市花园,3室2厅,黄浦,1800,精装,171.03,1995
南,有电梯,低楼层(共18层),印象春城,3室2厅,浦东,610,精装,136.17,1995
南,无电梯,中楼层(共6层),蒙自路601弄,2室2厅,黄浦,590,精装,78.57,1995
南,有电梯,低楼层(共11层),浦江世博家园八街坊,3室2厅,闵行,414,精装,99.07,1995
南,无电梯,低楼层(共5层),涵合园(公寓),3室2厅,浦东,1250,精装,179.14,1995
南北,有电梯,低楼层(共14层),象屿都城,3室2厅,松江,390,其他,108,1995
南北,有电梯,中楼层(共31层),东方城市花园(二期),2室2厅,浦东,830,精装,121.34,1995
东南,有电梯,低楼层(共18层),上海绿城,2室2厅,浦东,890,精装,108.26,1995
西南,有电梯,低楼层(共33层),海华花园,3室2厅,黄浦,890,其他,117.37,1995
东南,有电梯,高楼层(共39层),瑞虹新城(一期),3室2厅,虹口,965,精装,127.73,1995
南,有电梯,高楼层(共32层),徐汇苑,2室2厅,徐汇,980,精装,112.79,1995
南,有电梯,高楼层(共30层),财富海景花园,3室2厅,浦东,2200,精装,200.18,1995
南,有电梯,中楼层(共22层),天科苑,3室2厅,浦东,1050,精装,151.12,1995
南,无电梯,中楼层(共6层),万科金色公馆,4室2厅,浦东,1260,其他,123.98,1995
暂无数据,有电梯,高楼层(共26层),兴林公寓,2室2厅,黄浦,920,简装,110.37,1995
南,无电梯,中楼层(共6层),万科假日风景(公寓),3室2厅,闵行,790,简装,134,1995
南,无电梯,低楼层(共6层),清涧八街坊,2室1厅,普陀,275,精装,62.74,1995
南,有电梯,中楼层(共10层),金汇华光城,3室2厅,闵行,818,精装,152.84,1995
东南,有电梯,低楼层(共35层),江临天下,3室2厅,浦东,1190,精装,136.85,1995
南,无电梯,高楼层(共6层),大华一村,3室1厅,宝山,450,简装,96.14,1995
暂无数据,,低楼层(共18层),阳光城丽景湾PLUS,2室2厅,浦东,430,毛坯,88,1995
南,有电梯,高楼层(共18层),海逸公寓,5室3厅,长宁,1300,精装,223.68,1995
南,有电梯,低楼层(共15层),心仪雅苑,3室2厅,杨浦,815,其他,116.74,1995
南,有电梯,低楼层(共12层),逸皓华庭(公寓),2室2厅,青浦,250,精装,90.53,1995
南北,无电梯,高楼层(共6层),平吉一村,2室1厅,闵行,365,精装,80.63,1995
南,有电梯,低楼层(共18层),新天家园,3室2厅,浦东,1095,精装,129.12,1995
南北,有电梯,中楼层(共14层),万邦都市花园,3室2厅,浦东,950,精装,126.63,1995
南,有电梯,高楼层(共27层),南文大厦,4室2厅,黄浦,1650,精装,223.57,1995
南,有电梯,低楼层(共11层),大唐盛世花园,6室2厅,浦东,1580,精装,215.14,1995
南,有电梯,中楼层(共14层),达城锦园,1室1厅,浦东,196,简装,54.57,1995
南,有电梯,高楼层(共13层),经纬学府涵青花园(二期),3室2厅,宝山,590,精装,122,1995
南北,有电梯,中楼层(共9层),中祥龙柏苑,3室2厅,闵行,1080,精装,140.1,1995
南,有电梯,低楼层(共20层),复地雅园,4室2厅,黄浦,1730,精装,173.41,1995
南,有电梯,中楼层(共28层),汇豪天下,3室2厅,浦东,1260,精装,130.9,1995
南北,无电梯,中楼层(共6层),四季绿城,2室2厅,宝山,468,精装,89.5,1995
南,无电梯,高楼层(共6层),天池一村,2室1厅,浦东,280,精装,52.07,1995
南,无电梯,中楼层(共6层),万科阳光苑,1室2厅,闵行,273,精装,65.07,1995
南,无电梯,中楼层(共6层),清河路397号,2室1厅,嘉定,140,精装,51.2,1995
南,有电梯,中楼层(共31层),世茂湖滨花园(公寓),3室2厅,浦东,1550,精装,213.93,1995
南北,有电梯,低楼层(共11层),陆家嘴花园(二期),2室2厅,浦东,1080,精装,102.95,1995
南,无电梯,中楼层(共6层),北郊小区,2室1厅,虹口,388,简装,61.03,1995
南,无电梯,低楼层(共6层),光华园,2室2厅,徐汇,680,简装,86.71,1995
南,无电梯,低楼层(共6层),富丽公寓(西区),3室2厅,闵行,510,简装,108.18,1995
南,有电梯,中楼层(共14层),菊泉新城(菊泉街39弄),3室2厅,宝山,389,毛坯,102.98,1995
南北,无电梯,低楼层(共6层),浦江丽都,2室2厅,闵行,209,毛坯,71.82,1995
南,有电梯,中楼层(共27层),陆家嘴花园(一期),3室2厅,浦东,1399,精装,146.56,1995
南,无电梯,高楼层(共6层),嘉骏香山苑,2室2厅,宝山,380,简装,81.95,1995
南,有电梯,高楼层(共13层),金桥爱建园,4室2厅,浦东,1250,精装,154.43,1995
南,无电梯,高楼层(共6层),浦建小区,1室1厅,浦东,240,精装,46.77,1995
南北,有电梯,低楼层(共14层),汇丰沁苑,3室2厅,嘉定,500,毛坯,135.1,1995
南,无电梯,高楼层(共6层),恒大华城上河苑,2室1厅,浦东,498,其他,75.65,1995
南,有电梯,高楼层(共20层),强生古北花园,3室2厅,长宁,1669,精装,158.86,1995
南北,无电梯,低楼层(共6层),德州六村,2室1厅,浦东,250,其他,54.6,1995
南,有电梯,中楼层(共17层),古北嘉年华庭,3室2厅,长宁,1480,简装,150.83,1995
南北,无电梯,中楼层(共6层),曹家巷小区,2室1厅,普陀,440,简装,52.92,1995
南,有电梯,低楼层(共34层),创世纪花园,3室2厅,徐汇,1038,简装,137.17,1995
南,无电梯,中楼层(共6层),桃园新村(嘉定),1室1厅,嘉定,118,简装,42.8,1995
南,无电梯,中楼层(共8层),蓝色港湾(公寓),3室2厅,闵行,660,精装,112.96,1995
南,无电梯,高楼层(共6层),莘松三村,2室1厅,闵行,359,精装,57.79,1995
南,有电梯,高楼层(共34层),明日星城,3室2厅,黄浦,1060,精装,124.53,1995
南,无电梯,低楼层(共5层),浦江世博家园十三街坊,2室2厅,闵行,350,简装,91.04,1995
南,无电梯,高楼层(共6层),南方公寓,3室2厅,闵行,688,精装,152.26,1995
南北,有电梯,低楼层(共12层),春申玫瑰苑,3室2厅,闵行,740,毛坯,126.16,1995
南北,有电梯,中楼层(共26层),翠湖天地隽荟,3室2厅,黄浦,4500,精装,297,1995
南,无电梯,中楼层(共6层),罗山花苑,2室2厅,浦东,680,精装,70,1995
南,有电梯,低楼层(共12层),新梅广场,2室2厅,闵行,530,精装,98.04,1995
南,无电梯,中楼层(共6层),金鸿苑,2室2厅,虹口,670,精装,99.75,1995
南,无电梯,低楼层(共6层),虹康花苑(三期),2室2厅,长宁,698,精装,100.09,1995
东南,有电梯,21层2003年建板楼),绿地世纪城(三期),3室2厅,普陀,1100,精装,134.22,
南,无电梯,低楼层(共6层),航华三村四街坊,2室1厅,闵行,318,简装,71.8,1995
南,有电梯,低楼层(共26层),尚汇豪庭二期,2室2厅,徐汇,1050,其他,98,1995
南,无电梯,低楼层(共6层),新明星花园,2室2厅,闵行,395,简装,77.05,1995
南,,高楼层(共18层),崧泽华城佳福雅苑,2室1厅,青浦,202,毛坯,75.03,1995
南,有电梯,中楼层(共23层),中远两湾城,2室2厅,普陀,720,简装,103.67,1995
南,有电梯,中楼层(共34层),老西门新苑,3室2厅,黄浦,1400,精装,143.26,1995
南北,无电梯,高楼层(共6层),呼玛一村,2室1厅,宝山,180,简装,43.23,1995
南,有电梯,中楼层(共17层),爱建园,3室2厅,徐汇,1250,简装,141.35,1995
南,有电梯,低楼层(共30层),天际花园,3室2厅,徐汇,1450,精装,149.05,1995
南,有电梯,中楼层(共18层),永兆豪庭,2室2厅,徐汇,700,毛坯,91.67,1995
南北,无电梯,中楼层(共5层),中南新村,2室1厅,徐汇,508,简装,50.86,1995
南,有电梯,中楼层(共11层),金桥爱建园,4室2厅,浦东,1150,简装,154.77,1995
南,有电梯,高楼层(共31层),慧芝湖花园,2室2厅,闸北,715,精装,79.38,1995
南,无电梯,高楼层(共6层),虹旭小区,3室1厅,长宁,375,简装,67.45,1995
南,有电梯,低楼层(共7层),海上国际花园(一期),4室2厅,浦东,1030,精装,139.63,1995
东南,有电梯,低楼层(共34层),中凯城市之光(静安),1室1厅,静安,615,精装,59.69,1995
南,有电梯,中楼层(共8层),银泰花园(公寓),3室2厅,浦东,980,精装,116.37,1995
南,无电梯,低楼层(共5层),红旗四街坊,2室1厅,闵行,162,精装,51.69,1995
暂无数据,有电梯,高楼层(共7层),欣佳宝邸,2室2厅,闵行,230,其他,76.58,1995
南,无电梯,中楼层(共5层),贝港二区,2室1厅,奉贤,179,简装,78.46,1995
南,有电梯,低楼层(共18层),新凯城钟秀苑,2室1厅,松江,207,毛坯,70.67,1995
南,无电梯,高楼层(共6层),武康路280弄(公房),2室1厅,徐汇,420,精装,40.86,1995
南,有电梯,低楼层(共28层),长城苑,1室2厅,闸北,418,简装,78.41,1995
南,有电梯,低楼层(共31层),仁恒河滨城(三期),3室2厅,浦东,1400,精装,154.03,1995
南,有电梯,中楼层(共11层),陆家嘴锦绣前城,4室2厅,浦东,1700,精装,188,1995
南北,有电梯,中楼层(共25层),白银时代(三期),3室2厅,嘉定,485,简装,122.82,1995
西,有电梯,低楼层(共27层),武宁小城,1室1厅,普陀,290,简装,46.74,1995
南,,低楼层(共10层),瑞和华苑南区,1室1厅,闵行,175,毛坯,61.26,1995
南,有电梯,高楼层(共14层),碧林湾(公寓),3室2厅,闵行,760,精装,97.23,1995
南,有电梯,高楼层(共17层),春申景城湖畔林语,2室2厅,闵行,727,毛坯,110.43,1995
南,有电梯,低楼层(共34层),中兴财富国际公寓,2室2厅,闸北,539,精装,79.64,1995
南,有电梯,低楼层(共15层),新凯城钟秀苑,2室1厅,松江,210,毛坯,70.8,1995
南北,有电梯,高楼层(共11层),兰花清苑,2室1厅,松江,210,毛坯,74.59,1995
南北,有电梯,高楼层(共14层),浦江宝邸北区,2室2厅,闵行,252,精装,79.89,1995
南,无电梯,中楼层(共6层),临丰小区,2室1厅,浦东,218,简装,65.14,1995
南,有电梯,低楼层(共14层),御桥花园,2室1厅,浦东,335,毛坯,70.61,1995
南,无电梯,中楼层(共5层),贝港一区,2室1厅,奉贤,165,其他,74.78,1995
南,有电梯,中楼层(共26层),仁恒河滨城(三期),3室2厅,浦东,1320,精装,137.01,1995
南北,,高楼层(共16层),天居玲珑湾(公寓),2室2厅,嘉定,240,毛坯,91.89,1995
南北,有电梯,高楼层(共17层),三花现代城(二期香梅苑),2室2厅,宝山,560,精装,90.88,1995
南,有电梯,高楼层(共12层),翠湖天地御苑,2室2厅,黄浦,2499,其他,139.81,1995
南,无电梯,高楼层(共6层),金硕河畔景园东区,2室1厅,闵行,202,精装,74.31,1995
南,,中楼层(共7层),东新支路55弄,1室1厅,普陀,280,简装,40.16,1995
南,有电梯,中楼层(共29层),中凯城市之光(静安),1室1厅,静安,750,精装,62.34,1995
南,有电梯,低楼层(共38层),财富海景花园,4室2厅,浦东,5185,精装,346.87,1995
南,有电梯,低楼层(共32层),仁恒滨江园,5室2厅,浦东,3299,精装,327.2,1995
南,有电梯,高楼层(共24层),金羽名庭,2室2厅,浦东,850,精装,102.9,1995
南,有电梯,低楼层(共18层),天山华庭,2室2厅,长宁,800,精装,93.18,1995
南,无电梯,中楼层(共6层),恒大华城东林苑,2室1厅,浦东,430,精装,66.81,1995
南,有电梯,低楼层(共32层),半岛花园,6室3厅,普陀,1858,简装,330.17,1995
南,无电梯,中楼层(共6层),华亭新家三辰苑,2室1厅,松江,200,精装,56.33,1995
南,无电梯,中楼层(共6层),航华二村二街坊,2室2厅,闵行,315,简装,76.7,1995
南,无电梯,低楼层(共6层),诸家宅小区,2室1厅,徐汇,390,简装,54.82,1995
南,有电梯,低楼层(共18层),三湘四季花城,2室2厅,松江,383,毛坯,91.88,1995
南,有电梯,中楼层(共9层),锦绣江南(一期),3室2厅,闵行,835,精装,127.75,1995
南,有电梯,中楼层(共8层),新华世纪园,2室2厅,长宁,945,精装,114.91,1995
南,有电梯,低楼层(共18层),上城Uptown,3室2厅,长宁,1220,精装,169.45,1995
南,无电梯,低楼层(共6层),柳营路1025弄,1室1厅,闸北,233,简装,36.96,1995
南,有电梯,低楼层(共11层),聚丰景都,2室2厅,宝山,399,精装,87.77,1995
南北,有电梯,中楼层(共23层),第九城市(二期),4室2厅,浦东,1758,精装,187.91,1995
南,有电梯,低楼层(共23层),千鹤小区,2室1厅,徐汇,535,精装,78.8,1995
南,有电梯,低楼层(共15层),中福花苑,1室1厅,黄浦,350,简装,44.97,1995
南,无电梯,低楼层(共5层),华一新城,2室2厅,闵行,470,简装,79.9,1995
南,有电梯,高楼层(共11层),银河新都,2室1厅,闵行,315,精装,67,1995
南,有电梯,低楼层(共15层),东苑福邸,4室2厅,闵行,530,其他,176,1995
南,有电梯,高楼层(共11层),大唐盛世花园,2室2厅,浦东,1100,精装,100.27,1995
南北,有电梯,低楼层(共28层),万业紫辰苑,2室2厅,宝山,330,精装,79.94,1995
南,无电梯,高楼层(共6层),花苑村紫竹园,1室1厅,徐汇,295,其他,42.95,1995
南,无电梯,中楼层(共6层),共富一村,3室2厅,宝山,393,简装,110.11,1995
东南,无电梯,中楼层(共6层),长桥五村,2室1厅,徐汇,420,简装,56.07,1995
南,无电梯,低楼层(共6层),广海花园,2室2厅,闵行,470,精装,88.46,1995
南,有电梯,低楼层(共47层),盛大金磐,3室2厅,浦东,2400,精装,263.98,1995
南,有电梯,低楼层(共37层),尊园,3室2厅,徐汇,1213,毛坯,152.45,1995
南,有电梯,低楼层(共11层),浦东星河湾,3室2厅,浦东,2180,精装,226.65,1995
南,有电梯,低楼层(共25层),士林华苑,4室2厅,黄浦,1950,毛坯,196.92,1995
南,有电梯,高楼层(共9层),瑞金尊邸,1室2厅,徐汇,720,精装,78.72,1995
南,有电梯,中楼层(共11层),毕加索小镇(二期)(公寓),2室2厅,浦东,529,精装,89.17,1995
南,有电梯,低楼层(共11层),东方悦居,2室1厅,浦东,415,简装,73.45,1995
南,无电梯,高楼层(共6层),绿川新苑,2室1厅,浦东,329,简装,77.3,1995
东南,有电梯,中楼层(共49层),世茂滨江花园,2室2厅,浦东,1300,精装,139.02,1995
南,有电梯,中楼层(共14层),绿洲康城亲水湾(中央区),3室2厅,浦东,660,精装,137.09,1995
南,无电梯,高楼层(共6层),上南五村,1室0厅,浦东,200,精装,35.51,1995
南,无电梯,中楼层(共6层),高华小区,2室0厅,闵行,165,简装,46.78,1995
南,有电梯,高楼层(共18层),古银杏苑,3室2厅,浦东,520,毛坯,112.7,1995
南,有电梯,低楼层(共16层),新天地荻泾花园,3室2厅,宝山,355,毛坯,93.85,1995
东南,无电梯,中楼层(共6层),九华新园,3室1厅,奉贤,310,毛坯,106.87,1995
南,无电梯,低楼层(共6层),新华小区,3室1厅,闵行,198,毛坯,61.48,1995
193.8平米,,10层2011年建板楼),新浦江城（四期）,联排别墅,闵行,1000,南北,4室2厅,
南,无电梯,高楼层(共6层),北枫桥园,2室1厅,普陀,265,简装,53.42,1995
南北,有电梯,中楼层(共32层),西凌新邨,3室1厅,黄浦,740,简装,102.74,1995
南北,有电梯,中楼层(共9层),衡辰三林苑,2室2厅,浦东,598,其他,95.16,1995
南北,有电梯,中楼层(共24层),阳光威尼斯AB区,2室2厅,普陀,440,简装,101.75,1995
南北,,低楼层(共11层),嘉宝梦之湾(公寓),4室2厅,嘉定,366,毛坯,96.5,1995
南北,无电梯,高楼层(共5层),千汇苑一村,3室2厅,浦东,300,毛坯,106.13,1995
南北,有电梯,高楼层(共11层),景星苑,4室2厅,闸北,1200,精装,169.7,1995
南,有电梯,低楼层(共35层),江临天下,2室2厅,浦东,1100,精装,116.85,1995
南,无电梯,高楼层(共6层),莲花公寓(闵行),2室1厅,闵行,485,简装,83.19,1995
南,有电梯,中楼层(共21层),四季全景台,4室2厅,浦东,1900,精装,212.65,1995
南,有电梯,中楼层(共18层),惠益新苑,1室1厅,浦东,158,毛坯,58.17,1995
南,有电梯,低楼层(共35层),瑞虹新城(三期),2室2厅,虹口,865,精装,103.58,1995
南,有电梯,高楼层(共15层),上海康城,2室2厅,闵行,372,精装,98.33,1995
南,有电梯,低楼层(共11层),海逸公寓,2室2厅,长宁,775,精装,91.35,1995
南北,无电梯,高楼层(共6层),汇颂南苑,2室2厅,闵行,245,精装,72.1,1995
南,无电梯,中楼层(共5层),新泾一村,1室1厅,长宁,205,简装,40.34,1995
南,无电梯,中楼层(共6层),临沂六村,1室1厅,浦东,205,毛坯,37.31,1995
西南,有电梯,低楼层(共18层),东航明珠公寓,2室2厅,闵行,500,精装,89.25,1995
南北,有电梯,中楼层(共17层),兴平昌苑,3室2厅,杨浦,950,精装,137.29,1995
南,无电梯,高楼层(共6层),通河六村,2室1厅,宝山,200,其他,54.82,1995
南,有电梯,低楼层(共35层),汇豪天下,2室2厅,浦东,1030,精装,111.62,1995
南北,有电梯,高楼层(共16层),绿洲香岛花园,3室2厅,松江,568,精装,151.45,1995
南,有电梯,高楼层(共28层),新海城,3室2厅,虹口,630,精装,120.69,1995
南,有电梯,中楼层(共11层),新梅共和城,3室2厅,闸北,805,简装,113.97,1995
北,有电梯,中楼层(共23层),世纪之门,2室1厅,普陀,435,精装,59.36,1995
南,有电梯,低楼层(共11层),白玉兰馨园,1室2厅,上海周边,330,精装,56.38,1995
南北,有电梯,中楼层(共18层),君莲宏润丽苑,3室2厅,闵行,415,毛坯,106,1995
南北,无电梯,低楼层(共6层),新世纪花苑(三期)(浦东),2室2厅,浦东,620,其他,102,1995
南北,无电梯,高楼层(共6层),凌霄苑,2室2厅,浦东,345,精装,76.28,1995
南,有电梯,高楼层(共24层),上海滩新昌城,2室2厅,黄浦,1200,精装,107.9,1995
南,有电梯,低楼层(共12层),西郊九韵城,2室2厅,闵行,310,毛坯,81.07,1995
南,有电梯,低楼层(共11层),证大家园(四期),2室2厅,浦东,710,精装,106.04,1995
南,无电梯,高楼层(共6层),大唐花园,3室1厅,宝山,265,精装,90.26,1995
南,有电梯,中楼层(共29层),万里双子座,2室2厅,普陀,580,精装,97.38,1995
南,无电梯,高楼层(共5层),浦江世博家园五街坊,2室2厅,闵行,390,精装,88.5,1995
南,有电梯,低楼层(共11层),流晶逸彩,3室2厅,闵行,700,其他,132.12,1995
南西北,无电梯,中楼层(共6层),天山路1726弄,3室0厅,长宁,365,毛坯,56.74,1995
南,有电梯,中楼层(共16层),保辉香景园,2室2厅,杨浦,1120,精装,121.1,1995
东北,有电梯,中楼层(共20层),南星小区,2室1厅,闸北,398,精装,66,1995
南,有电梯,中楼层(共28层),慧芝湖花园,2室2厅,闸北,770,精装,91.8,1995
南,无电梯,低楼层(共6层),欧风花都,2室2厅,闵行,600,精装,101.11,1995
西南西北,有电梯,高楼层(共38层),爱俪轩,2室2厅,静安,765,精装,120.05,1995
南北,有电梯,中楼层(共14层),保利湖畔阳光苑,2室2厅,嘉定,310,精装,88.47,1995
南,有电梯,中楼层(共12层),锦绣江南(四期),2室2厅,闵行,829,简装,116.82,1995
南北,,中楼层(共18层),金沙鼎苑,2室2厅,嘉定,283,其他,78.34,1995
南,无电梯,低楼层(共7层),中南小区,2室1厅,黄浦,680,简装,65.52,1995
南,有电梯,中楼层(共18层),环球翡翠湾花园(公寓),2室2厅,浦东,540,精装,94.4,1995
南,无电梯,中楼层(共7层),静安花苑(二),2室2厅,闵行,599,精装,90.21,1995
南,有电梯,中楼层(共28层),日月星辰,2室2厅,普陀,602,精装,96.42,1995
南,有电梯,低楼层(共11层),九歌茗园,2室2厅,闵行,623,精装,100.38,1995
南,有电梯,低楼层(共12层),大上海国际花园九区,2室2厅,闵行,581.8,精装,102.32,1995
南,无电梯,高楼层(共6层),颛溪五村,2室2厅,闵行,255,精装,78.32,1995
南北,有电梯,低楼层(共9层),仁恒滨江园,3室2厅,浦东,1500,精装,146.01,1995
南北,有电梯,中楼层(共18层),绿地东上海,3室2厅,浦东,560,精装,117.52,1995
南北,有电梯,高楼层(共18层),盐湖新居,2室2厅,嘉定,335,精装,84.92,1995
南,无电梯,高楼层(共6层),景舒苑八村,2室2厅,闵行,290,精装,75.75,1995
南,有电梯,高楼层(共24层),静安新城四区,1室1厅,闵行,328,简装,59.13,1995
南,有电梯,高楼层(共21层),仲信苑,1室1厅,长宁,580,毛坯,69.53,1995
南,有电梯,高楼层(共26层),申达大厦,2室2厅,静安,730,毛坯,109.9,1995
南,有电梯,高楼层(共13层),爱博五村,1室1厅,闵行,285,毛坯,60.66,1995
东南,有电梯,高楼层(共18层),田林十四村,2室1厅,徐汇,440,精装,73.5,1995
南,无电梯,高楼层(共6层),新华小区,2室1厅,闵行,193,简装,61.6,1995
南,无电梯,高楼层(共6层),云锦雅苑,2室2厅,浦东,150,简装,83.23,1995
南北,无电梯,高楼层(共6层),合欢公寓,3室2厅,浦东,445,精装,130,1995
南北,有电梯,低楼层(共11层),茉莉雅苑,2室1厅,松江,190,其他,74.23,1995
南,有电梯,高楼层(共8层),锦三角花园(公寓),3室3厅,浦东,1212,简装,202.1,1995
南,有电梯,高楼层(共14层),高行绿洲(五期),1室1厅,浦东,212,简装,54.1,1995
南,无电梯,中楼层(共4层),万科优诗美地,3室2厅,闵行,640,简装,124.04,1995
南,有电梯,低楼层(共17层),浦江茗园,3室2厅,浦东,1450,精装,167.87,1995
南,无电梯,低楼层(共6层),东方公寓(虹口),1室1厅,虹口,288,精装,48,1995
南,有电梯,高楼层(共17层),好世鹿鸣苑,1室1厅,闵行,370,精装,55.64,1995
南,有电梯,中楼层(共26层),天山河畔花园,2室2厅,长宁,888,精装,107.98,1995
南,有电梯,高楼层(共24层),圣骊河滨苑,3室2厅,杨浦,898,简装,131.68,1995
南,无电梯,高楼层(共6层),界龙花苑,3室2厅,浦东,380,精装,108,1995
南,有电梯,低楼层(共8层),艺泰安邦,2室2厅,浦东,240,精装,91.59,1995
南,有电梯,低楼层(共27层),绿地海域苏河源(一期),3室2厅,嘉定,365,毛坯,113.92,1995
南,,低楼层(共18层),棕榈滩海景城,2室2厅,奉贤,149,简装,92,1995
南,有电梯,低楼层(共31层),仁恒河滨城(三期),3室2厅,浦东,1450,精装,153.33,1995
南,有电梯,低楼层(共30层),世茂湖滨花园(公寓),2室2厅,浦东,1250,精装,150.93,1995
南,有电梯,高楼层(共25层),华丽家族花园,3室2厅,浦东,1350,精装,141.54,1995
东南南,有电梯,高楼层(共16层),香梅花园(三-五期),3室2厅,浦东,1699,精装,188.45,1995
南北,无电梯,中楼层(共6层),顺驰美兰湖,3室2厅,宝山,360,精装,110.32,1995
南,,中楼层(共11层),佳兆业珊瑚湾(公寓),3室2厅,奉贤,155,精装,87.46,1995
南,有电梯,低楼层(共11层),绿水家园,3室2厅,闵行,700,其他,145.07,1995
南,有电梯,高楼层(共18层),盛世年华,3室2厅,浦东,1550,精装,138.58,1995
南,有电梯,中楼层(共14层),新凯一期,2室1厅,松江,241,精装,77.71,1995
南,无电梯,中楼层(共6层),通海一小区,2室1厅,闵行,225,简装,64.94,1995
南,有电梯,低楼层(共43层),世茂湖滨花园(公寓),2室2厅,浦东,1290,精装,172.25,1995
东,有电梯,低楼层(共20层),恒安阁,3室2厅,徐汇,1100,精装,147.17,1995
南,无电梯,高楼层(共6层),华光公寓,2室2厅,闵行,450,精装,74.74,1995
南,有电梯,中楼层(共7层),广杭苑,3室2厅,杨浦,700,其他,130.64,1995
南,有电梯,中楼层(共18层),第九城市(二期),3室2厅,浦东,1360,精装,148,1995
南,无电梯,低楼层(共6层),范东铁路小区,2室1厅,长宁,436,精装,61.49,1995
南,无电梯,中楼层(共5层),万科金色雅筑,2室2厅,浦东,609,精装,76.5,1995
南北,有电梯,低楼层(共17层),君莲新城广润苑,2室2厅,闵行,345,毛坯,85,1995
南,有电梯,低楼层(共13层),一品漫城(四期)(公寓),2室2厅,闵行,540,毛坯,91.79,1995
南,有电梯,高楼层(共30层),浦东世纪花园(公寓),4室2厅,浦东,2300,精装,225.23,1995
南,无电梯,中楼层(共6层),欣源公寓,2室2厅,闵行,422,精装,87.52,1995
西,有电梯,高楼层(共31层),碧云东壹栋,1室1厅,浦东,97,简装,37.76,1995
南,,低楼层(共18层),中海寰宇天下,3室2厅,闵行,639,精装,100.01,1995
南,有电梯,中楼层(共11层),银泰苑,2室1厅,闵行,339,精装,84.5,1995
南,有电梯,高楼层(共13层),绿城玉兰花园(一期),3室3厅,浦东,1390,精装,191.85,1995
西南,有电梯,中楼层(共49层),世茂滨江花园,4室2厅,浦东,2790,精装,303.15,1995
南,无电梯,高楼层(共6层),金塔新村,2室1厅,闵行,213,精装,62.68,1995
南北,有电梯,低楼层(共14层),保利湖畔阳光苑,4室2厅,嘉定,565,精装,171.11,1995
南,有电梯,中楼层(共32层),永盛苑,3室2厅,闸北,1008,简装,154.53,1995
南北,,中楼层(共29层),东方豪园(公寓),3室2厅,嘉定,505,精装,127.9,1995
南,有电梯,中楼层(共19层),平武小区,1室1厅,长宁,450,精装,60.04,1995
南北,有电梯,中楼层(共11层),新城金郡,2室2厅,嘉定,336,精装,88.64,1995
南,有电梯,中楼层(共19层),东方花园三期,3室2厅,闵行,920,简装,131.78,1995
西北,,中楼层(共30层),新时空国际商务广场,1室1厅,长宁,245,精装,59.87,1995
北,有电梯,中楼层(共25层),仁恒河滨花园,3室2厅,长宁,1150,精装,123.71,1995
西南,,高楼层(共30层),新时空国际商务广场,1室0厅,长宁,190,精装,40.62,1995
南,有电梯,高楼层(共40层),世茂湖滨花园(公寓),4室2厅,浦东,2650,精装,369.6,1995
北,无电梯,中楼层(共6层),金坤花园,1室0厅,闵行,190,精装,42.32,1995
南,无电梯,中楼层(共4层),解放新村,2室1厅,奉贤,120,简装,53.59,1995
南,有电梯,中楼层(共11层),晓园,4室2厅,浦东,1980,精装,211.35,1995
南,有电梯,高楼层(共26层),驰骋大楼,2室1厅,黄浦,770,精装,70.73,1995
南,无电梯,高楼层(共6层),玉兰香苑(三期),1室2厅,浦东,340,简装,57.95,1995
南,无电梯,中楼层(共6层),妙境路627弄,2室2厅,浦东,249,简装,89.05,1995
南北,无电梯,高楼层(共6层),新凯二期,2室1厅,松江,278,简装,77.49,1995
南,无电梯,中楼层(共6层),秀枫苑,2室1厅,奉贤,232,毛坯,86.56,1995
南北,无电梯,中楼层(共6层),虹梅新苑,1室2厅,闵行,234,其他,58.62,1995
南,无电梯,高楼层(共6层),永和三村,2室0厅,上海周边,265,毛坯,58.31,1995
南,无电梯,低楼层(共5层),瞿溪新村,1室0厅,黄浦,220,简装,28.21,1995
南,有电梯,高楼层(共31层),百汇园,3室2厅,徐汇,2230,精装,182.06,1995
南北,有电梯,低楼层(共13层),天山中华园,3室2厅,长宁,999,简装,141.87,1995
南,无电梯,低楼层(共6层),报春二村,2室1厅,闵行,249,简装,62.43,1995
南,无电梯,中楼层(共4层),新浦江城(江栀路350弄),4室2厅,闵行,1080,毛坯,199.17,1995
南,无电梯,高楼层(共7层),政熙路68弄,2室1厅,杨浦,399,精装,70.68,1995
南,有电梯,低楼层(共14层),新高苑(二期),3室2厅,浦东,510,毛坯,109.12,1995
南,无电梯,中楼层(共6层),南茶园,2室2厅,杨浦,580,其他,94.83,1995
南,无电梯,高楼层(共6层),建华公寓,2室2厅,浦东,600,精装,81.98,1995
南,有电梯,低楼层(共32层),淡水湾花园,3室2厅,黄浦,1588,精装,148.95,1995
南北,无电梯,中楼层(共6层),小上海新城,2室2厅,浦东,315,精装,74.65,1995
南,无电梯,中楼层(共6层),新凯二期,3室2厅,松江,325,精装,92.79,1995
南,无电梯,高楼层(共6层),航华二村二街坊,2室1厅,闵行,298,其他,68.76,1995
南,无电梯,低楼层(共6层),巨龙台湾城,2室2厅,奉贤,200,简装,84.55,1995
南,有电梯,低楼层(共10层),奥林匹克花园,1室2厅,松江,288,精装,66.97,1995
南,无电梯,低楼层(共7层),清宁小区,1室1厅,长宁,318,精装,49.06,1995
北,无电梯,中楼层(共5层),东体小区,1室0厅,虹口,130,简装,26.08,1995
东,有电梯,低楼层(共18层),绿地东上海,3室2厅,浦东,620,精装,134.29,1995
南,有电梯,高楼层(共36层),中信泰富又一城,2室2厅,嘉定,300,简装,92.53,1995
南,无电梯,高楼层(共6层),绿川小区,2室1厅,浦东,270,精装,59.67,1995
南,无电梯,低楼层(共6层),潍坊九村,2室0厅,浦东,470,精装,49.34,1995
南,有电梯,中楼层(共30层),耀江花园,3室2厅,黄浦,1780,精装,151.83,1995
南,有电梯,高楼层(共33层),黄浦新苑(公寓),3室2厅,黄浦,1350,精装,143.53,1995
南,有电梯,低楼层(共25层),盛世年华,3室2厅,浦东,1500,简装,144.99,1995
南,有电梯,高楼层(共19层),新虹桥首府(公寓),2室2厅,松江,365,其他,88.81,1995
南,有电梯,低楼层(共18层),大唐盛世花园,3室2厅,浦东,1380,精装,145.02,1995
西南,有电梯,高楼层(共22层),普雄馨苑,2室1厅,普陀,415,精装,60.71,1995
东北,有电梯,中楼层(共26层),仁恒滨江园,2室2厅,浦东,980,精装,83.78,1995
南,无电梯,高楼层(共6层),春雷路431弄,2室1厅,宝山,185,精装,54.98,1995
南,无电梯,中楼层(共5层),御桥花园,3室2厅,浦东,480,精装,86.14,1995
东南,有电梯,低楼层(共34层),中远两湾城,1室2厅,普陀,550,精装,69.56,1995
南,有电梯,中楼层(共7层),上海滩花园,4室3厅,黄浦,2770,精装,213.24,1995
南,有电梯,中楼层(共10层),中汇公寓,3室2厅,黄浦,1190,精装,138.22,1995
东南,无电梯,中楼层(共7层),万科城市花园,2室2厅,闵行,394,精装,80.82,1995
南,有电梯,高楼层(共18层),中环花苑,2室2厅,普陀,643,精装,92.01,1995
南,有电梯,低楼层(共16层),环球翡翠湾花园(公寓),3室2厅,浦东,686,精装,125.86,1995
南,有电梯,中楼层(共18层),中星海上景庭,2室2厅,浦东,860,精装,107.68,1995
南北,有电梯,中楼层(共9层),聚缘中庭,2室1厅,闵行,210,精装,73.74,1995
南,无电梯,高楼层(共6层),联鑫坊,2室2厅,浦东,410,简装,90.04,1995
南,有电梯,中楼层(共12层),建华公寓,3室1厅,浦东,820,简装,124.75,1995
东,有电梯,高楼层(共25层),达安锦园,2室2厅,静安,750,精装,75.1,1995
南北,,低楼层(共11层),合生城邦三街坊,2室2厅,闵行,405,精装,107.4,1995
南北,无电梯,中楼层(共6层),南方新村,3室1厅,闵行,426,简装,77.55,1995
南,有电梯,高楼层(共14层),三林新村(永泰路136弄),1室1厅,浦东,265,其他,51.14,1995
南北,无电梯,低楼层(共6层),西南小区,2室1厅,虹口,300,毛坯,47.43,1995
南北,无电梯,低楼层(共6层),翠鑫苑,2室2厅,松江,206,其他,87.01,1995
南北,,低楼层(共21层),远香舫嘉苑,3室2厅,嘉定,416,精装,137.41,1995
西,有电梯,低楼层(共41层),世茂滨江花园,1室2厅,浦东,810,精装,93.08,1995
南,有电梯,高楼层(共11层),东方龙苑,3室2厅,浦东,895,精装,127.84,1995
南西北,有电梯,低楼层(共18层),保利星海屿,2室2厅,嘉定,350,精装,90.14,1995
西北,有电梯,中楼层(共22层),康桥半岛国际公寓,2室2厅,浦东,370,精装,81.64,1995
南,有电梯,中楼层(共8层),铭晖西郊苑,3室2厅,长宁,860,简装,116,1995
南北,有电梯,低楼层(共32层),翠湖天地御苑,3室2厅,黄浦,2450,精装,182.46,1995
西,有电梯,低楼层(共28层),田林新苑,2室1厅,徐汇,395,精装,70.31,1995
南,有电梯,低楼层(共33层),明日星城,2室2厅,黄浦,799,简装,94.94,1995
北,有电梯,高楼层(共26层),仁恒河滨城(一期),3室2厅,浦东,1200,精装,125.33,1995
南,有电梯,低楼层(共14层),新凯一期,2室2厅,松江,264,精装,81.84,1995
南,有电梯,低楼层(共11层),中房公寓,2室1厅,嘉定,295,精装,74.28,1995
南,无电梯,中楼层(共5层),新舒苑,3室2厅,浦东,167,简装,103.35,1995
南,有电梯,低楼层(共11层),江南星城,2室2厅,闵行,550,精装,86.73,1995
南,有电梯,高楼层(共18层),南郊御墅,2室2厅,奉贤,390,精装,91.03,1995
南,有电梯,低楼层(共11层),君莲新城广润苑,2室2厅,闵行,298,毛坯,84.59,1995
暂无数据,无电梯,中楼层(共4层),荷风华庭,1室1厅,浦东,106,毛坯,49.62,1995
南,无电梯,中楼层(共6层),斜土路723弄,1室0厅,黄浦,330,精装,37.84,1995
南,无电梯,高楼层(共6层),甘泉苑,1室1厅,普陀,220,毛坯,47.41,1995
南北,有电梯,低楼层(共29层),宝华现代城,2室2厅,闸北,820,精装,97.84,1995
南,无电梯,低楼层(共6层),荷风华庭,2室2厅,浦东,132,简装,81.63,1995
南,有电梯,中楼层(共8层),绿地香颂(奉贤)(公寓),2室1厅,奉贤,110,精装,62.89,1995
暂无数据,有电梯,低楼层(共15层),新凯城钟秀苑,2室1厅,松江,221,精装,72.6,1995
南,有电梯,低楼层(共12层),南国花园,3室2厅,闵行,550,精装,112.37,1995
南,无电梯,低楼层(共6层),金祥苑,1室1厅,徐汇,400,简装,53.15,1995
西南,有电梯,高楼层(共49层),世茂滨江花园,2室2厅,浦东,1400,精装,139.02,1995
南,无电梯,高楼层(共6层),芳华路253弄,2室1厅,浦东,355,简装,75.02,1995
南,有电梯,低楼层(共18层),宝林一村,1室1厅,宝山,248,精装,59.73,1995
南,无电梯,低楼层(共6层),龙州小区,2室0厅,徐汇,236,精装,43.05,1995
南北,有电梯,低楼层(共11层),湖畔佳苑(公寓),4室2厅,青浦,1250,精装,277.15,1995
南,无电梯,中楼层(共6层),香楠小区,2室2厅,浦东,370,简装,62.75,1995
南,有电梯,低楼层(共8层),富力桃园(公寓),4室2厅,青浦,445,毛坯,150.9,1995
南,有电梯,高楼层(共21层),四季全景台,4室2厅,浦东,2000,精装,212.65,1995
南,有电梯,中楼层(共17层),水清木华,3室2厅,浦东,1599,精装,161.24,1995
南,无电梯,中楼层(共5层),江秋新苑(公寓),2室2厅,松江,195,精装,79.43,1995
南,无电梯,中楼层(共6层),航华二村二街坊,2室1厅,闵行,315,精装,68.76,1995
南,无电梯,高楼层(共6层),延长小区(闸北),2室0厅,闸北,336,精装,44.8,1995
南,有电梯,高楼层(共20层),华润中央公园(芳礼路99弄)(公寓),3室2厅,嘉定,999,精装,188.5,1995
南北,,低楼层(共23层),恒大御景湾,3室2厅,嘉定,440,毛坯,130,1995
南,有电梯,高楼层(共18层),古北御庭,3室2厅,浦东,1300,精装,146.85,1995
南,有电梯,高楼层(共21层),金桥瑞仕花园,2室2厅,浦东,1200,精装,124.92,1995
南北,有电梯,中楼层(共25层),士林华苑,4室2厅,黄浦,1620,精装,184.36,1995
南,有电梯,低楼层(共18层),公园3000黄兴花园,3室2厅,杨浦,890,简装,132,1995
南,有电梯,中楼层(共25层),嘉宝紫提湾(公寓),2室2厅,嘉定,270,精装,69.76,1995
南,有电梯,高楼层(共12层),上海康城,3室2厅,闵行,405,精装,117.96,1995
南,有电梯,中楼层(共14层),春申景城MIDTOWN,2室2厅,闵行,705,精装,108.7,1995
南,有电梯,低楼层(共27层),宝华现代城,2室2厅,闸北,820,精装,95.82,1995
北,有电梯,低楼层(共27层),长发花园,3室2厅,长宁,780,简装,121.45,1995
南,有电梯,中楼层(共20层),天安花园,2室2厅,浦东,910,精装,110,1995
南,有电梯,低楼层(共39层),瑞虹新城(一期),3室2厅,虹口,958,精装,124.96,1995
南北,无电梯,高楼层(共5层),锦博苑,3室2厅,浦东,599,精装,102.95,1995
南,有电梯,中楼层(共21层),联洋年华,2室2厅,浦东,1080,精装,118.39,1995
南,无电梯,高楼层(共6层),恒大小区,2室1厅,浦东,330,精装,64.99,1995
南北,无电梯,中楼层(共5层),新城金郡,3室2厅,嘉定,425,简装,93.7,1995
南,有电梯,中楼层(共15层),绿地新江桥城,2室1厅,嘉定,315,精装,77.06,1995
南,有电梯,中楼层(共28层),嘉宏紫薇园,2室1厅,虹口,585,简装,87.97,1995
南,有电梯,低楼层(共25层),东鼎名人府邸(松江),3室2厅,松江,730,精装,186.53,1995
西,有电梯,中楼层(共35层),江临天下,4室2厅,浦东,1720,精装,210.11,1995
南,,中楼层(共6层),佳乐苑,3室2厅,青浦,329,精装,129.71,1995
南北,有电梯,高楼层(共28层),宝华现代城,2室2厅,闸北,840,精装,96.13,1995
南,,中楼层(共18层),佳兆业壹号,2室1厅,嘉定,295,其他,75.47,1995
南,有电梯,低楼层(共18层),绿庭尚城,3室2厅,松江,366,其他,88.87,1995
南,,高楼层(共7层),安化路417号,2室1厅,长宁,360,精装,60.59,1995
南,有电梯,高楼层(共33层),汇龙新城,3室2厅,黄浦,1348,简装,143.69,1995
南,无电梯,高楼层(共6层),申良花园,2室2厅,闵行,316,简装,95.9,1995
南北,有电梯,中楼层(共11层),嘉丰佳苑,3室2厅,嘉定,358,精装,141.58,1995
南,有电梯,低楼层(共14层),名庭花苑,3室2厅,松江,485,精装,153.61,1995
西,有电梯,中楼层(共21层),保利叶语(二期)(公寓),4室1厅,宝山,635,精装,127.36,1995
南,有电梯,低楼层(共23层),汇龙新城,3室2厅,黄浦,1500,精装,158.3,1995
南,,中楼层(共29层),百汇园,3室2厅,徐汇,2020,精装,189,1995
南,无电梯,高楼层(共6层),定西路1235弄,2室1厅,长宁,326,简装,52.37,1995
南北,有电梯,高楼层(共13层),金帝城市岸泊(公寓),5室2厅,嘉定,668,精装,188.39,1995
南,有电梯,中楼层(共10层),绿地诺丁山(公寓),1室1厅,松江,205,精装,48.6,1995
南,,中楼层(共14层),佳兆业8号(公寓),2室2厅,奉贤,230,毛坯,88.14,1995
南,无电梯,高楼层(共6层),江桥二村,2室1厅,嘉定,215,简装,66.45,1995
南,无电梯,高楼层(共6层),玉兰二村,2室2厅,嘉定,239,精装,120.5,1995
南,有电梯,高楼层(共7层),三泾南宅,3室1厅,长宁,455,简装,63.59,1995
南,有电梯,中楼层(共32层),世茂湖滨花园(公寓),3室2厅,浦东,1580,精装,207.94,1995
南,有电梯,中楼层(共20层),实地公寓,1室1厅,普陀,362.5,简装,66.9,1995
南,有电梯,低楼层(共25层),泾东小区,1室1厅,浦东,365,简装,53.73,1995
南北,有电梯,高楼层(共20层),新湖明珠城,3室2厅,普陀,1180,精装,140.49,1995
南,,低楼层(共18层),海尚墅林苑,2室2厅,奉贤,170,毛坯,88.4,1995
南,,高楼层(共13层),爱博四村,2室2厅,闵行,410,毛坯,84.57,1995
南,有电梯,中楼层(共18层),金浦大楼,2室2厅,徐汇,673,简装,100.5,1995
南北,有电梯,高楼层(共17层),明天华城,4室2厅,浦东,700,精装,179.84,1995
南,无电梯,中楼层(共6层),怡静园,2室1厅,浦东,182,毛坯,62,1995
南,有电梯,高楼层(共18层),钦州公寓,2室1厅,徐汇,418,精装,69.76,1995
南,无电梯,高楼层(共5层),鞍山四村第二小区,2室0厅,杨浦,305,精装,46.26,1995
南北,无电梯,高楼层(共6层),城南新村,2室1厅,嘉定,195,毛坯,67.38,1995
南,无电梯,低楼层(共6层),文致公寓,3室2厅,虹口,600,精装,106,1995
南,无电梯,中楼层(共6层),西环三村,2室1厅,闵行,255,简装,74.5,1995
南,有电梯,中楼层(共27层),瀚林世家,1室1厅,静安,700,精装,57.1,1995
南,无电梯,低楼层(共6层),久耕小区,1室1厅,虹口,255,简装,40.58,1995
南,无电梯,中楼层(共4层),东都小区,1室1厅,浦东,170,简装,52.17,1995
西,有电梯,低楼层(共29层),三和花园,1室2厅,静安,680,精装,69.48,1995
南北,有电梯,低楼层(共17层),浦江宝邸,1室1厅,闵行,156,毛坯,52.64,1995
南北,有电梯,低楼层(共18层),锦绣华都,2室2厅,浦东,425,毛坯,90.04,1995
南,有电梯,低楼层(共7层),静安新城三区,2室1厅,闵行,320,简装,64.91,1995
南,有电梯,中楼层(共13层),临汾名城,2室2厅,闸北,560,精装,94.14,1995
南,有电梯,中楼层(共11层),丽江佳苑,1室1厅,嘉定,230,毛坯,60.07,1995
南,无电梯,低楼层(共6层),中芯花园(公寓),3室2厅,浦东,700,精装,121.31,1995
南,无电梯,低楼层(共5层),平阳新村四街坊,2室2厅,闵行,380,简装,73.94,1995
南,无电梯,低楼层(共6层),荣丰花园,2室2厅,杨浦,580,毛坯,91.57,1995
南,无电梯,高楼层(共6层),金塔新村,3室1厅,闵行,248,简装,81.35,1995
南,有电梯,低楼层(共19层),上外中山大楼,2室1厅,虹口,428,精装,74.51,1995
南,有电梯,中楼层(共8层),尚东国际名园,2室2厅,浦东,910,精装,106.28,1995
南,有电梯,中楼层(共18层),远洋香奈,3室2厅,宝山,440,毛坯,115.51,1995
西北,有电梯,高楼层(共29层),爱邦大厦,2室2厅,徐汇,398,毛坯,96.98,1995
南北,有电梯,中楼层(共12层),浦江智汇园,2室2厅,闵行,390,精装,81.32,1995
南,有电梯,中楼层(共14层),金桥和苑,2室2厅,浦东,525,毛坯,79.24,1995
南,无电梯,低楼层(共6层),沙田公寓,3室1厅,浦东,265,简装,88,1995
南,有电梯,低楼层(共25层),恒阳花苑,2室2厅,杨浦,635,简装,86.85,1995
南北,有电梯,低楼层(共20层),天安花园,2室2厅,浦东,930,精装,109.99,1995
南,有电梯,低楼层(共9层),泰成花苑,3室1厅,徐汇,750,简装,122.36,1995
南北,有电梯,低楼层(共20层),绿地清猗园(威廉公馆),3室2厅,嘉定,605,精装,131,1995
南,有电梯,中楼层(共18层),华泽新苑,2室1厅,松江,204.9,精装,72.13,1995
南北,无电梯,高楼层(共6层),金杨新村九街坊,2室1厅,浦东,320,精装,61.21,1995
南,无电梯,高楼层(共6层),江桥二村,1室1厅,嘉定,180,其他,49.17,1995
南,有电梯,高楼层(共19层),联业大楼,2室1厅,长宁,530,简装,77.57,1995
南,,高楼层(共23层),大名城名郡,3室2厅,嘉定,286,精装,89,1995
南,有电梯,低楼层(共18层),绿地香颂(浦东)(公寓),3室1厅,浦东,420,精装,87.84,1995
西,有电梯,中楼层(共36层),凯欣豪园,1室0厅,长宁,520,精装,46.28,1995
南,有电梯,中楼层(共8层),毕加索小镇(一期)(公寓),2室2厅,浦东,480,其他,89.23,1995
南,无电梯,高楼层(共7层),中南小区,2室1厅,黄浦,820,精装,79.13,1995
南,有电梯,高楼层(共18层),惠益新苑,2室1厅,浦东,190,毛坯,78.94,1995
南,无电梯,高楼层(共6层),馨乐园,2室2厅,浦东,450,精装,90,1995
南北,无电梯,中楼层(共7层),华业小区,2室1厅,静安,893,精装,77.67,1995
南,无电梯,中楼层(共6层),竹园小区(嘉定),1室1厅,嘉定,165,简装,52.56,1995
南,无电梯,高楼层(共6层),新宜小区,1室0厅,普陀,158,简装,34.84,1995
东南,有电梯,高楼层(共20层),金轩公寓,1室1厅,徐汇,530,其他,72.29,1995
南,有电梯,低楼层(共22层),绿庭尚城,1室2厅,松江,280,其他,70.26,1995
西南西,有电梯,高楼层(共18层),锦绣家园,2室2厅,黄浦,740,精装,100.98,1995
东南,有电梯,高楼层(共19层),中福花苑,1室2厅,黄浦,430,简装,44.62,1995
南北,有电梯,中楼层(共20层),第九城市(二期),4室2厅,浦东,1450,毛坯,156.68,1995
东南,有电梯,低楼层(共25层),上海绿城,3室2厅,浦东,1150,其他,127.49,1995
南,无电梯,中楼层(共6层),梅园三街坊,2室1厅,浦东,543,精装,49.79,1995
南,有电梯,低楼层(共30层),弘辉名苑,2室2厅,黄浦,1190,精装,100.72,1995
南,无电梯,高楼层(共6层),文苑小区(虹口),2室1厅,虹口,296,其他,63.38,1995
南,有电梯,中楼层(共14层),中虹家园,2室1厅,浦东,270,其他,68.67,1995
南,有电梯,高楼层(共6层),航华二村驰骋小区,2室1厅,闵行,259,其他,71.47,1995
南,无电梯,高楼层(共6层),富友嘉园,2室2厅,嘉定,249,精装,71.92,1995
南,无电梯,高楼层(共6层),田林十二村,2室1厅,徐汇,423,精装,50.08,1995
南,无电梯,高楼层(共6层),三江小区,1室1厅,徐汇,410,简装,47.15,1995
南,无电梯,低楼层(共6层),广海花园,2室1厅,闵行,352,简装,64.48,1995
南北,无电梯,低楼层(共6层),金帝城市岸泊(公寓),2室2厅,嘉定,345,简装,90.98,1995
南,有电梯,高楼层(共14层),颐亭花园(公寓),2室2厅,松江,360,精装,98.67,1995
南,有电梯,低楼层(共29层),欧阳名邸,2室2厅,虹口,710,简装,102.1,1995
西南,有电梯,高楼层(共26层),红旗教师公寓,2室2厅,徐汇,740,精装,89.03,1995
南,有电梯,低楼层(共24层),逸翠公馆,2室2厅,浦东,640,精装,103.58,1995
东南,有电梯,中楼层(共24层),大宁龙盛雅苑,2室1厅,闸北,540,简装,61.94,1995
南,,中楼层(共6层),好日子大家园C区,2室2厅,宝山,320,精装,93.47,1995
南,有电梯,低楼层(共14层),经纬观澜弘郡家园(三期),2室2厅,宝山,408,精装,86.43,1995
南北,有电梯,低楼层(共16层),环球翡翠湾花园(公寓),3室2厅,浦东,780,简装,135.9,1995
南,无电梯,低楼层(共6层),汇丽苑,3室2厅,浦东,455,简装,122.28,1995
南,有电梯,高楼层(共11层),联洋花园(一期),3室2厅,浦东,998,简装,108.42,1995
南北,无电梯,中楼层(共6层),香山新村东北街坊,2室1厅,浦东,360,简装,65.8,1995
南北,有电梯,中楼层(共16层),美丽星城,2室2厅,松江,328,精装,87.4,1995
南,有电梯,低楼层(共14层),高行绿洲(六期),2室2厅,浦东,272,其他,80.3,1995
南,有电梯,高楼层(共18层),绿地香颂(浦东)(公寓),2室2厅,浦东,460,精装,87.91,1995
东南,无电梯,低楼层(共6层),白玉新村,2室1厅,普陀,335,毛坯,55.49,1995
南北,无电梯,高楼层(共7层),光复新苑,3室2厅,普陀,498,精装,105.47,1995
南,有电梯,高楼层(共14层),浦润苑,3室2厅,闵行,380,毛坯,107.97,1995
南,有电梯,高楼层(共16层),涵合园(公寓),2室2厅,浦东,665,精装,80.11,1995
南,有电梯,高楼层(共18层),大华清水湾,2室2厅,普陀,880,精装,98.57,1995
南北,无电梯,高楼层(共6层),三林苑,2室2厅,浦东,330,简装,71.88,1995
南,有电梯,中楼层(共32层),亚都国际名园,2室2厅,徐汇,1075,精装,112.45,1995
南北,有电梯,低楼层(共18层),东方帕堤欧,3室2厅,宝山,330,精装,84.85,1995
南,无电梯,高楼层(共6层),航华四村,2室1厅,闵行,240,简装,54.03,1995
西南,有电梯,中楼层(共8层),新家坡园景苑,3室2厅,黄浦,888,精装,109.65,1995
南,有电梯,中楼层(共25层),花木绿城锦绣兰庭,3室2厅,浦东,1580,精装,158,1995
东南北,有电梯,低楼层(共37层),东方巴黎,2室1厅,徐汇,980,精装,86.79,1995
东南,有电梯,低楼层(共32层),瑞虹新城(一期),2室2厅,虹口,635,精装,72.06,1995
南北,有电梯,中楼层(共14层),阳城书院,2室2厅,上海周边,620,精装,92.53,1995
南,有电梯,高楼层(共24层),东明苑,2室1厅,浦东,470,其他,78.1,1995
南,有电梯,中楼层(共20层),绿地清猗园(威廉公馆),2室2厅,嘉定,425,毛坯,86.33,1995
南,有电梯,低楼层(共20层),江临天下,3室2厅,浦东,1245,精装,125.34,1995
南,有电梯,低楼层(共31层),百汇园,2室2厅,徐汇,1550,精装,132.91,1995
南,有电梯,低楼层(共10层),上海花城,2室2厅,长宁,710,精装,102.62,1995
南,有电梯,中楼层(共25层),上海绿城,3室2厅,浦东,1110,简装,127.49,1995
南,有电梯,高楼层(共35层),徐汇世家花园,3室2厅,徐汇,990,其他,122.16,1995
南,有电梯,中楼层(共16层),城中花园,3室2厅,浦东,510,简装,143,1995
东北,有电梯,低楼层(共29层),新领地,3室2厅,浦东,480,精装,125.65,1995
南,,中楼层(共26层),骏丰玲珑坊,2室1厅,嘉定,275,其他,73.99,1995
南,有电梯,低楼层(共18层),汇锦城二期,3室2厅,浦东,255,精装,90.95,1995
南,有电梯,高楼层(共11层),大唐盛世花园,2室2厅,浦东,1100,精装,100.73,1995
南,有电梯,中楼层(共16层),歌林春天馨园,2室2厅,闸北,755,精装,100.85,1995
南,,高楼层(共34层),中环和乐苑,2室1厅,杨浦,420,简装,64.58,1995
南北,有电梯,高楼层(共21层),绿地海珀黄浦,3室2厅,黄浦,1350,精装,104.59,1995
南,无电梯,高楼层(共6层),川杨新苑(四期),2室2厅,浦东,350,简装,87.69,1995
南,有电梯,中楼层(共25层),日月星辰,2室2厅,普陀,750,精装,97.35,1995
南,无电梯,中楼层(共6层),丰庄十四街坊,2室1厅,嘉定,280,简装,65.58,1995
南北,有电梯,低楼层(共18层),绿地世纪城(二期),2室2厅,普陀,758,精装,93.83,1995
南,,中楼层(共17层),崧泽华城佳福雅苑,2室1厅,青浦,210,精装,74.54,1995
南,无电梯,高楼层(共6层),羽北小区,2室1厅,浦东,568,精装,69.88,1995
南,无电梯,高楼层(共6层),和平小区(徐汇),2室1厅,徐汇,330,其他,66.18,1995
南,无电梯,高楼层(共6层),当代高邸,2室1厅,宝山,348,其他,68.4,1995
南北,有电梯,中楼层(共26层),绿地世纪城(二期),3室2厅,普陀,878,精装,115.64,1995
南北,有电梯,中楼层(共26层),公馆77,3室2厅,黄浦,1950,精装,174.97,1995
南,无电梯,高楼层(共6层),金杨七街坊,2室1厅,浦东,295,简装,65.44,1995
南,无电梯,高楼层(共5层),控江路740弄,2室0厅,杨浦,245,简装,46.68,1995
南,无电梯,中楼层(共6层),芙蓉小区,3室1厅,长宁,399,简装,65.1,1995
南,,中楼层(共11层),绿地时代嘉苑,3室2厅,青浦,255,毛坯,103.31,1995
南,无电梯,高楼层(共6层),佳虹小区,2室1厅,浦东,309,简装,71.84,1995
南,无电梯,高楼层(共6层),古美一村,3室1厅,闵行,420,毛坯,83.12,1995
南北,有电梯,低楼层(共11层),阳城贵都,2室2厅,上海周边,625,精装,97.45,1995
南,有电梯,中楼层(共8层),佳宝新村,2室1厅,闵行,298,其他,64.55,1995
南,有电梯,高楼层(共24层),静安河滨花园,3室2厅,静安,1150,精装,143.33,1995
南,有电梯,低楼层(共18层),摩登堂,3室2厅,闵行,640,精装,91.77,1995
南北,有电梯,中楼层(共11层),银河新都,2室2厅,闵行,348,简装,76.88,1995
南,有电梯,高楼层(共31层),慧芝湖花园,3室2厅,闸北,1280,精装,141.3,1995
南,有电梯,低楼层(共34层),绿地世纪城(一期),3室2厅,普陀,898,精装,109.51,1995
南,无电梯,低楼层(共6层),长海一村,2室1厅,杨浦,325,简装,63.58,1995
南,无电梯,高楼层(共6层),中化新村,2室0厅,普陀,350,简装,50.98,1995
南,无电梯,中楼层(共6层),滨江雅苑,2室2厅,宝山,498,其他,92.7,1995
南北,有电梯,中楼层(共21层),安源小区,3室1厅,闸北,543,简装,93.89,1995
南,有电梯,低楼层(共7层),大华颐和华城(公寓),2室2厅,普陀,535,精装,98.66,1995
南,有电梯,高楼层(共18层),旭辉华庭,2室2厅,嘉定,278,精装,74.94,1995
南,无电梯,高楼层(共6层),水霞小区,2室1厅,长宁,375,精装,54.42,1995
东南,无电梯,中楼层(共6层),爱建小区,2室1厅,长宁,340,简装,52,1995
南,无电梯,中楼层(共7层),宛平南路65弄,2室0厅,徐汇,370,简装,51.32,1995
南,有电梯,低楼层(共12层),江虹花园,4室2厅,松江,495,精装,158.7,1995
南,无电梯,中楼层(共6层),南华二村(嘉定),2室2厅,嘉定,270,精装,78.41,1995
南,无电梯,高楼层(共6层),国顺路300弄,2室0厅,杨浦,308,简装,50.96,1995
南,有电梯,中楼层(共14层),紫晶苑,1室2厅,浦东,275,其他,60.89,1995
南,有电梯,低楼层(共13层),四季晶园,2室2厅,长宁,859,精装,111.74,1995
南,无电梯,高楼层(共6层),红梅小区(嘉定),2室1厅,嘉定,158,其他,64.6,1995
南,有电梯,高楼层(共16层),绿地崴廉公寓,2室2厅,浦东,515,精装,99.49,1995
南北,无电梯,低楼层(共6层),德州三村,2室1厅,浦东,265,简装,49.69,1995
南,,低楼层(共32层),冠浦花园,3室2厅,黄浦,935,简装,152.13,1995
南,有电梯,高楼层(共39层),瑞虹新城(一期),2室2厅,虹口,760,简装,96.11,1995
南,有电梯,中楼层(共13层),城市经典(四期),2室2厅,浦东,690,其他,105.73,1995
南北,有电梯,中楼层(共7层),聚缘北庭,2室1厅,闵行,210,毛坯,75.04,1995
南北,无电梯,高楼层(共5层),浦江世博家园九街坊,2室2厅,闵行,290,毛坯,75.43,1995
南,有电梯,高楼层(共24层),金鹏花园,3室1厅,杨浦,638,简装,101.17,1995
南,无电梯,高楼层(共6层),泰宝华庭(公寓),4室2厅,杨浦,1560,精装,180,1995
西南,有电梯,中楼层(共29层),三和花园,3室2厅,静安,965,简装,126.24,1995
南,有电梯,高楼层(共13层),广洋新景苑(公寓),3室2厅,浦东,1280,毛坯,149.3,1995
西南,有电梯,中楼层(共17层),同济融创玫瑰公馆,1室1厅,闵行,365,精装,64.07,1995
南北,有电梯,高楼层(共16层),红旗教师公寓,2室2厅,徐汇,560,简装,71.05,1995
南,有电梯,低楼层(共11层),汇秀景苑二街坊,1室1厅,闵行,152,精装,55.9,1995
西南,有电梯,中楼层(共29层),三九大厦,2室1厅,虹口,465,精装,98.09,1995
南,无电梯,中楼层(共6层),金台三居,2室1厅,浦东,378,精装,73.43,1995
南,无电梯,中楼层(共7层),张家浜小区,1室0厅,杨浦,226,简装,36.92,1995
南,有电梯,低楼层(共16层),阳光园(二期)(三期),3室2厅,奉贤,290,精装,142.45,1995
南,,低楼层(共24层),星晓家园,3室2厅,浦东,410,精装,113.43,1995
南,有电梯,中楼层(共8层),思南公馆,3室2厅,黄浦,3400,精装,212,1995
东,无电梯,低楼层(共7层),双阳一村,1室1厅,杨浦,240,精装,47.17,1995
南,有电梯,低楼层(共25层),远中风华园(公寓),1室2厅,静安,795,精装,73.67,1995
南,有电梯,低楼层(共7层),南国花园,4室2厅,闵行,580,精装,137.21,1995
南,有电梯,中楼层(共11层),证大家园(一期),2室2厅,浦东,670,精装,89.47,1995
南,无电梯,中楼层(共6层),莘闵花园,2室2厅,闵行,355,精装,98.1,1995
南,有电梯,高楼层(共22层),阳光四季公寓,3室2厅,徐汇,1588,简装,182.39,1995
南,无电梯,中楼层(共6层),建设公寓,3室2厅,杨浦,650,精装,129.38,1995
南西南,,低楼层(共29层),金桥花园,3室2厅,长宁,810,精装,106.83,1995
南北,无电梯,高楼层(共7层),三皇桥小区,3室2厅,嘉定,277,简装,123,1995
南,有电梯,高楼层(共31层),仁恒滨江园,2室2厅,浦东,1350,简装,118.57,1995
南,有电梯,低楼层(共30层),仁恒河滨城(二期),3室2厅,浦东,1488,精装,151.86,1995
南,有电梯,低楼层(共8层),尚东国际名园,3室2厅,浦东,1130,精装,135.28,1995
南,有电梯,高楼层(共18层),华丽家族花园,5室3厅,浦东,2900,精装,300.03,1995
189.7平米,,3层2005年建板楼),万科蓝山,联排别墅,浦东,1260,南,4室3厅,
南,有电梯,低楼层(共43层),盛大金磐,3室2厅,浦东,2300,精装,194.43,1995
南,有电梯,中楼层(共8层),海怡别墅(公寓),4室2厅,浦东,1450,其他,204.89,1995
南,有电梯,中楼层(共8层),沙田花园,2室2厅,普陀,695,精装,87.46,1995
南北,有电梯,中楼层(共14层),中房樱桃苑,3室2厅,浦东,950,精装,134.21,1995
南,无电梯,高楼层(共6层),华唐苑,3室2厅,闵行,435,简装,112,1995
南,有电梯,低楼层(共17层),中环国际公寓(二期),2室2厅,宝山,480,毛坯,82.98,1995
南,无电梯,低楼层(共6层),静安新城二区,2室1厅,闵行,370,精装,65.02,1995
南,无电梯,低楼层(共6层),虹仙小区,1室1厅,长宁,260,简装,48.12,1995
东南,无电梯,中楼层(共6层),管弄四街坊,1室1厅,普陀,235,简装,42.39,1995
南北,无电梯,高楼层(共6层),共富四村,2室2厅,宝山,336,精装,88.48,1995
南,有电梯,高楼层(共12层),海棠苑,3室2厅,普陀,750,精装,140.62,1995
南,无电梯,中楼层(共6层),茶陵小区,2室1厅,徐汇,455,精装,64.45,1995
南,有电梯,低楼层(共12层),东泉苑小区,2室1厅,普陀,360,精装,66.29,1995
西南,有电梯,低楼层(共30层),国信世纪海景,3室2厅,浦东,1920,精装,196.42,1995
南,有电梯,低楼层(共14层),绿庭尚城,4室2厅,松江,555,其他,123.32,1995
南,有电梯,中楼层(共18层),星纳家园,1室1厅,浦东,200,毛坯,52,1995
南,,中楼层(共18层),开元地中海,1室1厅,松江,135,精装,43.63,1995
南北,有电梯,高楼层(共30层),仁恒河滨城(二期),3室2厅,浦东,1295,精装,151.86,1995
南,有电梯,高楼层(共18层),海逸公寓,3室2厅,长宁,939,精装,132.42,1995
南,无电梯,高楼层(共6层),上钢十村,2室1厅,浦东,260,其他,52.01,1995
南,无电梯,中楼层(共6层),吉浦路615弄,2室1厅,宝山,265,其他,62.79,1995
南,无电梯,高楼层(共6层),普乐三村,1室1厅,闵行,180,简装,46.57,1995
南北,有电梯,低楼层(共12层),明日新苑,2室2厅,嘉定,385,简装,89.35,1995
南,无电梯,高楼层(共6层),保德路1213弄,2室1厅,闸北,315,简装,71.03,1995
南,无电梯,高楼层(共6层),银都新村(1至7区),2室1厅,闵行,262,精装,67.04,1995
南,无电梯,中楼层(共6层),南杨花园,2室1厅,浦东,440,简装,81.32,1995
南,无电梯,低楼层(共6层),玉兰小区,2室1厅,浦东,295,毛坯,65.79,1995
南,有电梯,中楼层(共22层),卫茂大厦,2室1厅,闸北,590,精装,88.78,1995
南,无电梯,低楼层(共6层),黄山始信苑,2室1厅,浦东,625,精装,82.22,1995
南,无电梯,低楼层(共6层),由由五村,2室1厅,浦东,355,简装,66.7,1995
南,有电梯,中楼层(共8层),经纬阳光水岸家园(一期),1室1厅,宝山,318,精装,60.79,1995
南,有电梯,高楼层(共13层),茉莉雅苑,2室1厅,松江,219.8,精装,72.26,1995
南,无电梯,中楼层(共6层),白杨小区,2室2厅,浦东,440,精装,88.53,1995
南,有电梯,低楼层(共11层),证大家园(三期),2室2厅,浦东,750,简装,103.14,1995
东南,无电梯,高楼层(共6层),许昌路1430号,2室0厅,杨浦,210,简装,44.59,1995
南,无电梯,高楼层(共6层),铁路新村(杨浦),2室1厅,杨浦,325,简装,53.16,1995
南,无电梯,高楼层(共5层),绿地公寓(长宁),3室2厅,长宁,810,精装,128.52,1995
东南,有电梯,低楼层(共18层),万里真金苑,3室2厅,普陀,740,精装,157,1995
南,无电梯,高楼层(共6层),海高二村,2室1厅,浦东,185,简装,54,1995
南,有电梯,低楼层(共11层),平阳苑,2室2厅,闵行,548,精装,92.89,1995
西南,有电梯,中楼层(共38层),爱俪轩,1室1厅,静安,640,精装,83.72,1995
南,无电梯,高楼层(共6层),世界路117弄,1室1厅,杨浦,315,精装,55.92,1995
南,无电梯,中楼层(共6层),古华B区,2室1厅,奉贤,168,精装,67.43,1995
南,有电梯,高楼层(共33层),汇龙新城,3室2厅,黄浦,1370,简装,145.83,1995
南,无电梯,中楼层(共6层),银桥花园,2室1厅,闵行,260,精装,72,1995
南,有电梯,中楼层(共8层),万科新里程,3室2厅,浦东,910,其他,113.75,1995
南,有电梯,低楼层(共14层),新凯城锦昌苑,2室1厅,松江,188,毛坯,67.19,1995
南,无电梯,低楼层(共6层),宝菊新家园,1室1厅,嘉定,195,其他,58.3,1995
南,有电梯,中楼层(共33层),和源名城,2室2厅,闸北,420,精装,77.8,1995
南北,有电梯,高楼层(共27层),盘古天地,3室2厅,嘉定,320,毛坯,89.84,1995
南,无电梯,中楼层(共5层),景江苑C区,2室2厅,闵行,345,精装,96.53,1995
南,有电梯,中楼层(共26层),爱家亚洲花园,3室2厅,浦东,930,精装,139.55,1995
南,无电梯,低楼层(共7层),市政馨苑,2室1厅,普陀,450,精装,74.93,1995
南,无电梯,低楼层(共6层),万登花苑,2室2厅,杨浦,610,毛坯,88.65,1995
南,无电梯,高楼层(共6层),鹏海小区,2室1厅,浦东,316,简装,61.07,1995
西南,有电梯,低楼层(共34层),中远两湾城,1室2厅,普陀,520,其他,63.14,1995
南,有电梯,低楼层(共12层),安居金祁新城,2室1厅,普陀,315,精装,70.12,1995
南,无电梯,低楼层(共6层),家乐苑,2室1厅,徐汇,360,简装,66.99,1995
南北,无电梯,中楼层(共5层),中虹华苑,2室2厅,嘉定,298,其他,76.79,1995
南北,无电梯,高楼层(共6层),滨浦新苑四村,2室2厅,闵行,275,简装,75.9,1995
南,无电梯,低楼层(共6层),临汾花园,2室1厅,闸北,320,简装,71.91,1995
南,有电梯,低楼层(共12层),新梅广场,2室2厅,闵行,520,简装,112.6,1995
南,无电梯,中楼层(共5层),曹杨三村(兰岭园),1室1厅,普陀,235,精装,48.81,1995
东南,有电梯,低楼层(共22层),福苑小区,2室1厅,徐汇,410,简装,70.78,1995
南,有电梯,低楼层(共16层),达安花园,3室2厅,静安,1200,精装,140.19,1995
南北,有电梯,低楼层(共28层),江南名庐,3室1厅,普陀,1175,简装,146.53,1995
南北,无电梯,高楼层(共4层),浦江世博家园八街坊,2室1厅,闵行,320,简装,76.59,1995
南,有电梯,中楼层(共26层),海珀旭晖酒店式公寓,2室2厅,徐汇,703,精装,92.97,1995
南,有电梯,中楼层(共26层),华敏世纪广场,3室2厅,长宁,1000,简装,138.72,1995
东,有电梯,中楼层(共17层),世纪花苑,3室2厅,闸北,660,精装,139.29,1995
南北,有电梯,高楼层(共31层),汇丽花园,3室2厅,普陀,980,精装,129.13,1995
南,有电梯,中楼层(共27层),融创滨江壹号院,3室2厅,黄浦,2350,精装,238.93,1995
南,,低楼层(共7层),又一村(静安),1室0厅,静安,368,精装,31.84,1995
南北,有电梯,低楼层(共17层),宝华城市花园,5室2厅,虹口,1260,精装,161.85,1995
南,无电梯,高楼层(共6层),三林世博家园(大道站路94弄),3室2厅,浦东,489,精装,113.37,1995
南,有电梯,低楼层(共8层),银泰花园(公寓),3室2厅,浦东,950,精装,113.16,1995
南北,有电梯,高楼层(共14层),保利湖畔阳光苑,3室2厅,嘉定,480,毛坯,141.58,1995
南,无电梯,高楼层(共6层),长虹小区,1室1厅,长宁,295,其他,55.17,1995
南,有电梯,低楼层(共18层),浦东星河湾,4室3厅,浦东,2400,精装,242.81,1995
南北,有电梯,中楼层(共13层),北平家园,2室1厅,长宁,640,精装,89.65,1995
西北,有电梯,高楼层(共21层),长新大楼,2室0厅,黄浦,430,简装,53.21,1995
南,无电梯,中楼层(共6层),嘉宝公寓,3室2厅,嘉定,390,精装,133.96,1995
南,有电梯,高楼层(共29层),上海星河湾,3室2厅,闵行,1500,其他,240,1995
南北,有电梯,低楼层(共14层),临汾名城,2室2厅,闸北,550,简装,107.58,1995
南,无电梯,中楼层(共6层),嘉骏花苑,2室2厅,宝山,415,精装,81.21,1995
南,无电梯,中楼层(共6层),民乐小区,2室2厅,松江,273,简装,84.79,1995
南,有电梯,高楼层(共32层),保利天鹅语,2室2厅,嘉定,326,精装,91.96,1995
南北,无电梯,高楼层(共4层),华润佘山九里,5室2厅,松江,1250,精装,288,1995
西北,有电梯,中楼层(共39层),虹桥中山广场,3室2厅,长宁,890,简装,143.25,1995
南北,有电梯,高楼层(共33层),静安城,3室1厅,静安,960,精装,134,1995
南,有电梯,低楼层(共16层),三花现代城(一期丹桂苑),1室1厅,宝山,349,精装,58.73,1995
南,有电梯,高楼层(共29层),望江苑,3室2厅,黄浦,1250,精装,154.47,1995
南北,无电梯,中楼层(共4层),东苑利景花苑,3室2厅,闵行,635,精装,106.46,1995
南北,有电梯,低楼层(共18层),爱家亚洲花园,3室2厅,浦东,850,精装,123.6,1995
南,无电梯,高楼层(共6层),江南星城,3室2厅,闵行,680,精装,120.29,1995
南,无电梯,高楼层(共6层),康桥干部村,2室1厅,浦东,240,简装,71,1995
南,无电梯,高楼层(共6层),丰舍东苑,3室2厅,浦东,450,毛坯,119.75,1995
南,有电梯,20层2006年建板楼),远中风华园(公寓),2室2厅,静安,1330,精装,118.53,
南,有电梯,中楼层(共25层),翠湖天地雅苑,3室2厅,黄浦,2400,精装,190,1995
南,有电梯,低楼层(共18层),合生城邦四街坊,2室2厅,闵行,365,精装,101.09,1995
南,无电梯,高楼层(共6层),鑫港苑,1室1厅,浦东,230,精装,58.14,1995
南,有电梯,高楼层(共18层),欣安基公寓,2室2厅,黄浦,1150,简装,96.77,1995
南,有电梯,高楼层(共14层),海派青城,2室1厅,松江,230,精装,77.11,1995
南,有电梯,高楼层(共14层),鎏园,2室2厅,宝山,515,精装,92.92,1995
南北,无电梯,中楼层(共6层),逸仙华庭,2室2厅,宝山,530,精装,87.7,1995
南,无电梯,中楼层(共6层),王家堂小区,1室1厅,徐汇,328,毛坯,35.29,1995
南,无电梯,高楼层(共6层),淞南老五村,2室1厅,宝山,285,精装,62.95,1995
南,有电梯,中楼层(共6层),鞍山四村第一小区,1室1厅,杨浦,250,简装,37.32,1995
西,有电梯,高楼层(共28层),云海苑,4室2厅,静安,2600,精装,290.4,1995
南,,中楼层(共11层),绿地时代嘉苑,3室2厅,青浦,218,毛坯,103.31,1995
暂无数据,无电梯,高楼层(共6层),华唐苑,2室2厅,闵行,360,简装,89.01,1995
南,有电梯,高楼层(共18层),园南二村,3室2厅,徐汇,510,精装,84.27,1995
南,有电梯,低楼层(共28层),东淮海公寓,2室2厅,黄浦,1139,精装,118.69,1995
南北,有电梯,高楼层(共11层),君莲新城广润苑,3室2厅,闵行,436,精装,102.89,1995
南,有电梯,中楼层(共40层),兆丰花园,2室2厅,长宁,830,精装,130.28,1995
南,有电梯,低楼层(共17层),天际蓝桥,3室2厅,嘉定,565,简装,122,1995
暂无数据,无电梯,高楼层(共7层),丽景新苑,3室2厅,嘉定,450,简装,108.88,1995
南,无电梯,高楼层(共6层),金桂小区,3室1厅,浦东,640,毛坯,88.44,1995
南,无电梯,中楼层(共5层),九华苑,2室2厅,奉贤,232,简装,87.5,1995
南,无电梯,高楼层(共6层),丰三小区,2室2厅,徐汇,425,精装,68.03,1995
南,有电梯,低楼层(共18层),三和花园,2室2厅,静安,930,精装,105.85,1995
南,有电梯,高楼层(共20层),铂庭俱进家园,2室2厅,浦东,470,毛坯,90.51,1995
南北,有电梯,高楼层(共12层),浦江智汇园,3室1厅,闵行,390,精装,81,1995
南,无电梯,高楼层(共6层),金泽苑,1室2厅,浦东,345,精装,62.13,1995
南,无电梯,中楼层(共7层),静安新城四区,2室1厅,闵行,340,简装,64.61,1995
南北,有电梯,高楼层(共16层),城中花园,3室2厅,浦东,510,精装,143,1995
南,有电梯,低楼层(共13层),上海绿城,3室2厅,浦东,1198,简装,138.77,1995
南,有电梯,低楼层(共11层),静安新城七区,2室2厅,闵行,575,简装,89.72,1995
南,无电梯,中楼层(共5层),朗诗未来街区,3室2厅,奉贤,235,其他,77.61,1995
东南,,低楼层(共22层),曹杨四村(兰花大楼),2室1厅,普陀,395,简装,70.15,1995
南北,无电梯,中楼层(共5层),朗诗未来街区,3室2厅,奉贤,235,其他,77.67,1995
南,无电梯,中楼层(共6层),城东新村,3室1厅,青浦,188,简装,65.97,1995
南,无电梯,高楼层(共6层),航华二村嘉丰公寓,2室1厅,闵行,309,简装,76.73,1995
东南,有电梯,高楼层(共20层),瑞金花园,2室2厅,黄浦,830,简装,104.18,1995
南,无电梯,高楼层(共6层),民春苑,3室1厅,浦东,275,毛坯,85.85,1995
南,有电梯,高楼层(共7层),宏苑小区,2室1厅,虹口,480,毛坯,92.14,1995
南,有电梯,低楼层(共11层),绿地南桥新苑,2室1厅,奉贤,250,简装,70.54,1995
南,有电梯,低楼层(共27层),广汇花苑,3室2厅,徐汇,800,简装,147.02,1995
南,无电梯,高楼层(共6层),罗秀三村,2室0厅,徐汇,230,简装,48.97,1995
南,有电梯,低楼层(共18层),城市庭园,2室1厅,杨浦,515,精装,91,1995
南,无电梯,中楼层(共4层),奥林匹克花园,2室2厅,松江,365,精装,89.6,1995
南,无电梯,中楼层(共6层),柳营路1025弄,1室1厅,闸北,275,简装,46.33,1995
南北,有电梯,高楼层(共32层),思南新苑,3室2厅,黄浦,1750,精装,177.53,1995
南,有电梯,高楼层(共16层),万邦都市花园,1室1厅,浦东,520,精装,61.75,1995
南,无电梯,低楼层(共5层),上南九村,1室1厅,浦东,197,其他,35.31,1995
南,有电梯,中楼层(共11层),成亿宝盛家苑,2室2厅,宝山,328,精装,96.65,1995
南,无电梯,低楼层(共6层),普康苑,3室2厅,奉贤,350,其他,155,1995
南,无电梯,低楼层(共6层),茂盛城市花园,2室1厅,闵行,495,其他,67,1995
南,有电梯,低楼层(共32层),菊园,3室2厅,浦东,1200,其他,153.18,1995
南,无电梯,低楼层(共6层),东方丽都,2室2厅,宝山,335,毛坯,92.61,1995
南,有电梯,低楼层(共18层),沁春园三村,2室1厅,闵行,405,其他,90.04,1995
南北,有电梯,高楼层(共13层),大宅风范城,3室1厅,嘉定,456,精装,95.23,1995
南,无电梯,中楼层(共6层),凯达苑,2室1厅,杨浦,520,精装,84.56,1995
南,有电梯,中楼层(共9层),莘城公寓,2室2厅,闵行,595,精装,121.04,1995
南,无电梯,低楼层(共6层),静安新城三区,2室1厅,闵行,410,简装,70,1995
东南,有电梯,低楼层(共35层),溧阳华府(公寓),2室2厅,虹口,798,精装,112.66,1995
南,有电梯,中楼层(共29层),望江苑,2室1厅,黄浦,880,精装,99.75,1995
南,有电梯,高楼层(共16层),东渡青筑,3室1厅,青浦,300,简装,97,1995
南,无电梯,高楼层(共6层),枫泽苑,2室2厅,闵行,349,精装,93.44,1995
南,有电梯,低楼层(共14层),翔殷大楼,2室1厅,杨浦,365,简装,68.42,1995
南,无电梯,低楼层(共4层),丽泽兰馨苑,3室2厅,浦东,155,毛坯,102.9,1995
南北,有电梯,低楼层(共14层),菊泉新城(菊泉街39弄),2室1厅,宝山,270,其他,75.38,1995
南北,,高楼层(共18层),新丰公寓,2室2厅,青浦,227,毛坯,77,1995
南,无电梯,低楼层(共5层),金燕家苑,2室2厅,浦东,540,精装,86.91,1995
南,有电梯,中楼层(共28层),日月星辰,2室2厅,普陀,635,简装,98.02,1995
南北,有电梯,中楼层(共11层),三林新村(永泰路468弄),2室1厅,浦东,387,精装,71.77,1995
南北,有电梯,高楼层(共14层),马陆清水湾,2室2厅,嘉定,310,精装,90.82,1995
南北,有电梯,低楼层(共11层),浦江宝邸北区,3室2厅,闵行,365,精装,119.9,1995
南,有电梯,低楼层(共13层),中星馨恒苑,4室2厅,上海周边,1010,其他,176.36,1995
南,无电梯,低楼层(共6层),广裕小区,2室1厅,虹口,395,精装,76.1,1995
南,有电梯,中楼层(共27层),静安城,3室2厅,静安,840,精装,114.81,1995
南北,,低楼层(共30层),士韵家园,2室2厅,浦东,400,精装,80.56,1995
南北,有电梯,高楼层(共9层),聚缘南庭,2室2厅,闵行,205,精装,74.56,1995
南,无电梯,低楼层(共6层),慧华东苑,2室2厅,宝山,340,简装,81.98,1995
西南,有电梯,高楼层(共21层),四方新城,2室2厅,静安,1050,精装,112.82,1995
南北,无电梯,低楼层(共6层),景舒苑六村,2室1厅,闵行,260,精装,72.96,1995
南,有电梯,中楼层(共16层),贝尚湾(公寓),1室2厅,松江,358,精装,66.55,1995
南,有电梯,高楼层(共26层),爱家豪庭,1室2厅,虹口,650,精装,79.1,1995
南北,无电梯,高楼层(共6层),金帝城市岸泊(公寓),2室2厅,嘉定,288,精装,85.88,1995
南北,有电梯,低楼层(共15层),绿地新江桥城,2室2厅,嘉定,290,其他,77.2,1995
东,有电梯,高楼层(共20层),蓬莱花苑,3室3厅,黄浦,1100,精装,194.69,1995
西,有电梯,低楼层(共33层),仁恒滨江园,3室1厅,浦东,1550,简装,165.76,1995
南,无电梯,中楼层(共5层),新虹桥明珠花园,4室2厅,青浦,640,其他,181.94,1995
南,无电梯,中楼层(共6层),静安新城五区,2室1厅,闵行,380,简装,67.08,1995
南,有电梯,中楼层(共18层),万科清林径,3室2厅,浦东,330,精装,96.11,1995
南,有电梯,低楼层(共14层),布鲁斯小镇(二期),3室2厅,浦东,253,毛坯,98.61,1995
南北,无电梯,低楼层(共6层),泗塘四村,1室1厅,宝山,165,其他,41.03,1995
南,无电梯,低楼层(共6层),何家宅小区,2室1厅,虹口,340,精装,59.3,1995
南,有电梯,高楼层(共32层),中远两湾城,1室2厅,普陀,610,精装,77.32,1995
南,有电梯,低楼层(共28层),江南名庐,2室2厅,普陀,840,简装,105.9,1995
南,有电梯,低楼层(共27层),森林公馆,1室2厅,嘉定,273.8,精装,69.38,1995
南,有电梯,高楼层(共13层),知雅园,1室1厅,长宁,480,精装,53.89,1995
西南,有电梯,低楼层(共33层),新家坡美树馆,3室2厅,徐汇,1188,简装,133.69,1995
南,,高楼层(共18层),练祁佳苑,1室1厅,嘉定,205,精装,64.93,1995
南,无电梯,低楼层(共6层),金杨新村九街坊,1室1厅,浦东,200,其他,40.19,1995
南,无电梯,高楼层(共6层),证大家园(二期),3室2厅,浦东,665,精装,98.83,1995
南,有电梯,高楼层(共12层),摩卡小城,4室2厅,松江,750,精装,184.67,1995
南,无电梯,低楼层(共6层),古桐公寓,1室1厅,浦东,268,简装,54.52,1995
南,无电梯,高楼层(共6层),海江二村,1室1厅,宝山,140,简装,40.49,1995
南,无电梯,高楼层(共6层),周东二村,3室1厅,浦东,305,简装,78.81,1995
南,无电梯,高楼层(共6层),东城新村,2室2厅,浦东,540,精装,73.07,1995
南,无电梯,中楼层(共6层),金桂小区,2室1厅,浦东,560,简装,67.08,1995
南,无电梯,低楼层(共6层),东方花园(一期),2室2厅,闵行,435,精装,81.36,1995
南,有电梯,低楼层(共30层),万科翡翠滨江(一期),4室2厅,浦东,2300,精装,213,1995
南,有电梯,中楼层(共11层),金色西郊城,3室2厅,闵行,490,精装,127.41,1995
南,无电梯,高楼层(共6层),芳华苑,1室1厅,浦东,175,简装,29.43,1995
西南,有电梯,高楼层(共33层),海华花园,3室2厅,黄浦,940,精装,115.22,1995
南,有电梯,低楼层(共11层),成亿宝盛家苑,2室2厅,宝山,318,精装,97,1995
南,无电梯,低楼层(共6层),新顾村大家园A区,2室2厅,宝山,275,简装,75.99,1995
南,有电梯,低楼层(共11层),海逸公寓,3室2厅,长宁,810,精装,105.6,1995
南,有电梯,低楼层(共19层),海珀旭晖,4室2厅,徐汇,4380,精装,274.02,1995
南,无电梯,低楼层(共6层),潍坊九村,2室2厅,浦东,480,精装,47.14,1995
南,无电梯,高楼层(共4层),栖山小区,2室1厅,浦东,328,其他,54.08,1995
南,有电梯,低楼层(共8层),富力桃园(公寓),4室2厅,青浦,420,其他,130.88,1995
南,无电梯,高楼层(共6层),法华镇路878弄,1室1厅,长宁,210,简装,35,1995
南,有电梯,26层板楼),绿地海珀玉晖,3室2厅,普陀,1350,精装,135,
南北,有电梯,低楼层(共18层),正阳世纪星城英伦风情,3室2厅,奉贤,399,精装,141.63,1995
南,有电梯,中楼层(共22层),陆家嘴锦绣前城,3室2厅,浦东,1150,精装,122.86,1995
南,有电梯,高楼层(共12层),金沙嘉苑,2室2厅,嘉定,520,精装,103.34,1995
南,有电梯,低楼层(共12层),大唐盛世花园,2室2厅,浦东,1180,精装,110.87,1995
西,有电梯,高楼层(共49层),世茂滨江花园,2室2厅,浦东,1330,精装,137.63,1995
南北,有电梯,高楼层(共14层),东珂花苑,3室2厅,浦东,1000,精装,143.19,1995
南,无电梯,中楼层(共5层),浦江世博家园七街坊,3室2厅,闵行,415,精装,95.99,1995
南,有电梯,低楼层(共33层),绿地世纪城(二期),2室2厅,普陀,800,简装,103,1995
南北,,高楼层(共30层),华润中央公园(浩翔路98弄),3室2厅,嘉定,620,精装,129,1995
南,有电梯,高楼层(共18层),冠都公寓,2室2厅,虹口,690,精装,111.05,1995
南,有电梯,高楼层(共15层),百花公寓,3室2厅,黄浦,980,精装,136.88,1995
南北,无电梯,中楼层(共6层),新世纪花苑(三期)(浦东),2室2厅,浦东,588,精装,97.12,1995
南北,,高楼层(共6层),好日子大家园B区,2室1厅,宝山,350,其他,75.68,1995
南,无电梯,低楼层(共3层),中南新村,3室1厅,徐汇,1450,简装,135.16,1995
南,无电梯,中楼层(共6层),绿地御桥苑,3室2厅,浦东,500,精装,87.28,1995
南,无电梯,高楼层(共6层),金都雅苑(公寓),2室2厅,奉贤,216,毛坯,84.5,1995
南北,,高楼层(共11层),象屿品城,3室2厅,松江,373,精装,92,1995
南,无电梯,高楼层(共6层),中山北路805弄,2室1厅,闸北,310,简装,49.66,1995
南北,有电梯,中楼层(共33层),汇峰鼎园,3室2厅,徐汇,1480,精装,140.1,1995
南,有电梯,高楼层(共24层),天山河畔花园,3室1厅,长宁,1330,精装,155.22,1995
南,无电梯,低楼层(共6层),新华小区,1室1厅,闵行,143,精装,42.28,1995
南,无电梯,中楼层(共7层),真源小区,2室1厅,普陀,368,精装,66.27,1995
南,有电梯,低楼层(共17层),金汇豪庭,4室2厅,闵行,1400,简装,238.51,1995
南,无电梯,高楼层(共6层),陆家嘴新景园,3室2厅,浦东,970,简装,145.92,1995
南,有电梯,中楼层(共24层),保利叶上海(一期),2室1厅,宝山,345,简装,81.76,1995
南,有电梯,高楼层(共18层),印象春城,2室2厅,浦东,395,毛坯,89,1995
南北,,高楼层(共5层),潼港二村,2室1厅,浦东,210,精装,60,1995
南北,有电梯,低楼层(共6层),美兰湖中华园,2室1厅,宝山,308,精装,87.31,1995
暂无数据,有电梯,低楼层(共15层),心圆东苑,2室2厅,浦东,306,毛坯,74.57,1995
南,无电梯,低楼层(共6层),新乐雅苑,2室2厅,松江,228,简装,86.83,1995
南,有电梯,低楼层(共13层),新凯城香樟苑,2室1厅,松江,208,毛坯,68.02,1995
南,有电梯,高楼层(共17层),同济融创玫瑰公馆,2室1厅,闵行,485,其他,78.46,1995
南,无电梯,高楼层(共6层),潍坊六村,2室1厅,浦东,415,精装,46.36,1995
南,有电梯,高楼层(共13层),一品漫城(二期),2室2厅,闵行,548,其他,89,1995
南,无电梯,高楼层(共6层),江海新村,2室2厅,奉贤,158,精装,85,1995
南,无电梯,中楼层(共6层),昌七小区,1室1厅,浦东,220,其他,45.06,1995
南,无电梯,低楼层(共6层),淞虹苑,2室1厅,长宁,450,简装,74.59,1995
南北,有电梯,中楼层(共11层),万顺水原墅(公寓),1室1厅,闵行,190,精装,59.6,1995
南,,低楼层(共14层),源枫景苑,2室2厅,闵行,350,其他,95.44,1995
南,无电梯,中楼层(共6层),乾溪新村,1室1厅,宝山,220,简装,56.33,1995
南,无电梯,低楼层(共6层),文化名园,2室1厅,杨浦,395,简装,59.67,1995
南,无电梯,高楼层(共6层),万科朗润园,3室2厅,闵行,658,精装,129.8,1995
南北,,中楼层(共16层),绿地时代嘉苑,2室2厅,青浦,215,精装,82.87,1995
南北,无电梯,高楼层(共6层),市政馨苑,2室1厅,普陀,438,其他,75.37,1995
南,有电梯,低楼层(共31层),达安锦园,1室2厅,静安,493,简装,57.9,1995
南,有电梯,低楼层(共29层),融创滨江壹号院,4室2厅,黄浦,2649,精装,218,1995
南,无电梯,低楼层(共3层),盈标花园,4室2厅,浦东,1680,精装,186,1995
南,无电梯,中楼层(共5层),朗诗未来街区,2室2厅,奉贤,213.9,其他,67.8,1995
南,有电梯,高楼层(共20层),金桥瑞仕花园,2室2厅,浦东,1058,精装,115.2,1995
南北,有电梯,低楼层(共32层),耀江国际广场(公寓),3室2厅,虹口,1250,精装,162.8,1995
南,有电梯,高楼层(共14层),康桥宝邸,2室2厅,浦东,318,其他,82.86,1995
南,有电梯,低楼层(共30层),仁恒河滨城(二期),3室2厅,浦东,1390,精装,150.1,1995
南西,无电梯,中楼层(共4层),新浦江城(浦驰路1336弄),3室2厅,闵行,800,精装,126.73,1995
南,,低楼层(共3层),茸城路2号,3室1厅,松江,260,简装,95.58,1995
南北,有电梯,低楼层(共13层),大宅风范城,3室2厅,嘉定,465,毛坯,120.8,1995
东南南,无电梯,高楼层(共6层),海东公寓,1室1厅,浦东,270,精装,54.49,1995
南,无电梯,中楼层(共6层),御桥花园,2室1厅,浦东,395,精装,75.77,1995
南北,无电梯,高楼层(共6层),佳虹小区,2室1厅,浦东,295,精装,69.32,1995
南,有电梯,中楼层(共29层),馨宁公寓,2室1厅,徐汇,342,简装,62.44,1995
南,无电梯,高楼层(共6层),上海阳城,3室2厅,闵行,486,精装,82.48,1995
南,有电梯,低楼层(共8层),东泰花苑,3室2厅,黄浦,1250,精装,143.65,1995
南,有电梯,中楼层(共34层),华侨城(普陀),3室2厅,普陀,1580,精装,148.68,1995
南,有电梯,中楼层(共32层),西凌新邨,3室2厅,黄浦,710,简装,92.94,1995
南,有电梯,低楼层(共14层),御桥花园,2室1厅,浦东,430,毛坯,92.87,1995
南,有电梯,高楼层(共21层),华敏世纪广场,3室2厅,长宁,1420,精装,151.53,1995
暂无数据,无电梯,低楼层(共6层),中环家园,4室2厅,普陀,910,精装,165.75,1995
南,无电梯,中楼层(共6层),镇宁路545弄,3室1厅,长宁,670,精装,96.5,1995
西南,有电梯,低楼层(共8层),沙田花园,3室2厅,普陀,850,简装,127.45,1995
南北,无电梯,中楼层(共6层),三泉家园,2室2厅,闸北,520,简装,91,1995
南,无电梯,中楼层(共6层),祁连一村,2室1厅,宝山,255,简装,63.54,1995
南,无电梯,中楼层(共6层),高昌路105弄,3室1厅,嘉定,268,简装,100.08,1995
暂无数据,无电梯,高楼层(共6层),双秀北园,5室3厅,浦东,510,精装,100,1995
南,有电梯,低楼层(共34层),永新花苑,2室2厅,徐汇,1130,简装,109.15,1995
南,无电梯,高楼层(共6层),三佳花苑,2室1厅,闵行,400,其他,65.65,1995
南,无电梯,高楼层(共6层),兰花小区,2室1厅,浦东,399,简装,60.6,1995
南,有电梯,高楼层(共14层),绿地东上海,2室2厅,浦东,450,其他,100.48,1995
南,无电梯,中楼层(共6层),绿川新苑,1室1厅,浦东,241,精装,50.26,1995
南,有电梯,中楼层(共28层),黄浦华庭,2室2厅,黄浦,980,精装,105.04,1995
西北东南,有电梯,低楼层(共24层),兆丰大厦,3室3厅,长宁,789,简装,157.89,1995
西北,有电梯,中楼层(共34层),和平花苑,2室2厅,杨浦,638,其他,90.25,1995
南北,有电梯,高楼层(共14层),海尚康庭,2室2厅,浦东,260,精装,72.54,1995
南北,无电梯,低楼层(共5层),同润玫瑰芳苑,3室2厅,松江,240,精装,88.86,1995
东北,有电梯,高楼层(共39层),瑞虹新城二期(优贤生活),2室2厅,虹口,730,其他,87.38,1995
南,无电梯,中楼层(共6层),紫荆三村,2室1厅,嘉定,233,简装,83,1995
南,有电梯,低楼层(共22层),正阳世纪星城丽骏湾,2室1厅,奉贤,220,简装,75.97,1995
南,有电梯,中楼层(共14层),聚缘南庭,2室1厅,闵行,202,毛坯,73.4,1995
南,有电梯,中楼层(共27层),香溢花城(住宅),2室1厅,普陀,705,精装,87.6,1995
东西,无电梯,中楼层(共4层),景江苑B区,2室2厅,闵行,292,精装,74.33,1995
南,无电梯,高楼层(共6层),菊泉新城(陆翔路358弄),2室1厅,宝山,258,毛坯,71.24,1995
南,无电梯,高楼层(共6层),歌林春天馨园,4室2厅,闸北,1050,精装,150.42,1995
南,有电梯,低楼层(共34层),浩城华苑,2室2厅,黄浦,860,精装,97.24,1995
南,有电梯,高楼层(共29层),协泰中心,2室1厅,长宁,390,简装,119.24,1995
南,有电梯,中楼层(共14层),聚缘南庭,1室1厅,闵行,166,毛坯,56.18,1995
南,有电梯,中楼层(共17层),中轩丽苑,2室2厅,杨浦,628,其他,92,1995
南,无电梯,中楼层(共6层),申城佳苑,1室1厅,浦东,295,其他,60.28,1995
南,无电梯,低楼层(共6层),德盈佳园,2室2厅,浦东,168,精装,83.06,1995
南北,有电梯,高楼层(共14层),荣域飘鹰锦和花园(公寓),2室2厅,宝山,340,精装,87.37,1995
南,无电梯,高楼层(共6层),海霞佳苑,2室2厅,浦东,220,其他,83,1995
南北,有电梯,中楼层(共11层),瑞和华苑北区,2室1厅,闵行,249,简装,81,1995
南,有电梯,中楼层(共14层),幸福小镇,2室1厅,浦东,381,毛坯,74.65,1995
南,有电梯,低楼层(共38层),嘉里华庭,3室2厅,长宁,1250,精装,145.49,1995
南,有电梯,低楼层(共18层),汇锦城二期,2室2厅,浦东,220,精装,84.23,1995
东南,有电梯,中楼层(共31层),和源馨苑,1室2厅,闸北,405,简装,64.54,1995
南,无电梯,高楼层(共6层),延铁小区,2室1厅,闸北,331,简装,48.3,1995
南,无电梯,高楼层(共6层),龙吴路11弄,2室1厅,徐汇,350,简装,59.38,1995
南,有电梯,低楼层(共18层),杉林新月环林东路875弄,2室2厅,浦东,435,其他,83.33,1995
南,无电梯,中楼层(共5层),荡湾新村,2室1厅,浦东,128,简装,53.34,1995
南,无电梯,高楼层(共6层),丰庄十二街坊,2室1厅,嘉定,290,简装,78.22,1995
南,无电梯,高楼层(共6层),由由七村,1室1厅,浦东,236,简装,49.7,1995
南,有电梯,中楼层(共20层),翠湖天地雅苑,2室2厅,黄浦,1720,精装,116.36,1995
南,有电梯,低楼层(共12层),华光花园,3室2厅,闵行,670,精装,138.5,1995
南,有电梯,低楼层(共18层),海上国际花园(一期),2室2厅,浦东,670,简装,91.18,1995
南,有电梯,中楼层(共34层),汇翠花园,4室2厅,徐汇,1750,精装,210.34,1995
南,无电梯,高楼层(共6层),共康七村,3室1厅,宝山,350,精装,88.44,1995
东南南,有电梯,中楼层(共24层),百合花苑,3室2厅,徐汇,790,简装,126.04,1995
西,有电梯,中楼层(共63层),世茂滨江花园,3室2厅,浦东,2020,精装,237.13,1995
东南,有电梯,高楼层(共23层),淮海晶华苑,5室2厅,黄浦,3599,精装,407.76,1995
南,有电梯,低楼层(共17层),地杰国际城F欧香四季,2室2厅,浦东,620,精装,92.45,1995
南,,低楼层(共29层),翠湖天地隽荟,4室2厅,黄浦,4650,精装,288,1995
南北,无电梯,高楼层(共6层),奉浦二村,2室2厅,奉贤,190,其他,85.6,1995
南,无电梯,低楼层(共6层),乾骏园,2室2厅,徐汇,560,简装,80,1995
南,无电梯,高楼层(共6层),瑞冬小区,2室1厅,长宁,285,简装,57.77,1995
南,有电梯,低楼层(共18层),象屿大宁悦府,2室2厅,闸北,710,精装,89,1995
南,无电梯,高楼层(共6层),财大小区,2室1厅,杨浦,297,其他,54.1,1995
南,有电梯,中楼层(共11层),万科假日风景(公寓),3室2厅,闵行,860,精装,138.86,1995
南,无电梯,高楼层(共6层),紫薇新村,2室1厅,闵行,240,其他,65.02,1995
南,无电梯,高楼层(共6层),北茶园,1室1厅,杨浦,275,精装,47.29,1995
南,无电梯,中楼层(共6层),盛源花园,2室1厅,闵行,310,简装,70.92,1995
南北,无电梯,高楼层(共6层),凌兆新村(凌兆路396弄),2室1厅,浦东,290,精装,64.19,1995
南,有电梯,高楼层(共15层),金地未未来,3室2厅,浦东,610,精装,86.63,1995
南,无电梯,中楼层(共5层),馨乐园,2室2厅,浦东,430,精装,83.05,1995
南北,,低楼层(共26层),翠湖天地隽荟,4室2厅,黄浦,6300,精装,390,1995
南,无电梯,高楼层(共5层),康健路25弄,1室1厅,徐汇,298,毛坯,39.17,1995
南,有电梯,高楼层(共28层),香溢花城(住宅),3室2厅,普陀,1380,精装,169.06,1995
南,无电梯,低楼层(共6层),延吉二村,1室1厅,杨浦,215,精装,32.72,1995
南,无电梯,中楼层(共6层),龙南五村,1室1厅,徐汇,310,简装,54.1,1995
南,无电梯,中楼层(共6层),丽泽荷亭苑,4室2厅,浦东,190,毛坯,124.25,1995
南北,,低楼层(共18层),同润蓝美俊庭,2室1厅,浦东,174,毛坯,87.76,1995
南,无电梯,高楼层(共6层),上缝小区,2室1厅,徐汇,450,简装,66.59,1995
南,无电梯,中楼层(共4层),燎原一村,1室1厅,奉贤,70,简装,44.42,1995
东南,有电梯,低楼层(共18层),凉城一村,2室1厅,虹口,385,简装,74.48,1995
南,无电梯,低楼层(共7层),龙南三四村,1室1厅,徐汇,265,毛坯,47.78,1995
南西,有电梯,高楼层(共25层),雁荡大厦,2室2厅,黄浦,1150,精装,101,1995
南,无电梯,低楼层(共6层),汇龙公寓,3室1厅,嘉定,280,简装,91.72,1995
南,无电梯,高楼层(共6层),市光三村,2室1厅,杨浦,270,毛坯,65,1995
东南,有电梯,高楼层(共33层),家化滨江苑,3室2厅,浦东,1970,简装,206.39,1995
南,有电梯,高楼层(共14层),象屿都城,3室2厅,松江,430,精装,111.59,1995
南,无电梯,低楼层(共6层),锦绣苑,3室2厅,浦东,880,简装,135.48,1995
西,有电梯,高楼层(共30层),嘉华苑(普陀),2室2厅,普陀,495,简装,97.01,1995
南,,高楼层(共7层),北市场小区,2室1厅,闸北,410,精装,61.07,1995
南,无电梯,低楼层(共6层),蓝天苑,2室2厅,奉贤,267.9,毛坯,97.43,1995
南,无电梯,高楼层(共6层),金梅园,2室1厅,普陀,345,简装,60.92,1995
南,无电梯,低楼层(共6层),汤巷馨村(二期),3室2厅,浦东,400,其他,107.8,1995
南,有电梯,中楼层(共18层),合生城邦四街坊,2室2厅,闵行,390,精装,99.35,1995
南,有电梯,中楼层(共8层),太子公寓,3室2厅,长宁,780,毛坯,99.25,1995
南北,有电梯,低楼层(共18层),合生城邦四街坊,2室2厅,闵行,368,精装,90.18,1995
南,,中楼层(共16层),上海派,3室2厅,嘉定,280,毛坯,88.87,1995
南北,无电梯,高楼层(共6层),峨山小区,2室1厅,浦东,290,精装,45.77,1995
南,有电梯,低楼层(共11层),蓝色城邦(公寓),2室2厅,浦东,172,简装,88.3,1995
东南,有电梯,中楼层(共25层),仁恒广场,3室2厅,浦东,798,其他,137.09,1995
南,有电梯,低楼层(共28层),仙都绿苑,1室2厅,浦东,370,精装,73.08,1995
南,无电梯,低楼层(共6层),东苑绿世界花园(三期),2室2厅,闵行,510,精装,85.39,1995
南北,无电梯,高楼层(共6层),樱花小区,3室2厅,嘉定,285,精装,109.52,1995
南,无电梯,低楼层(共6层),双秀北园,3室2厅,浦东,480,其他,132.73,1995
南北,有电梯,中楼层(共11层),远洋7号,3室2厅,宝山,410,其他,103.64,1995
南,无电梯,高楼层(共6层),凤城五村,1室1厅,杨浦,195,其他,38.85,1995
南,无电梯,中楼层(共6层),三兴苑,2室1厅,虹口,310,其他,50.31,1995
南,有电梯,中楼层(共16层),恒大帝景,2室1厅,松江,320,精装,84,1995
南北,无电梯,低楼层(共6层),久耕小区,2室1厅,虹口,410,简装,63.9,1995
南北,有电梯,低楼层(共14层),保利西子湾,2室2厅,松江,355,毛坯,90.34,1995
南北,无电梯,高楼层(共6层),鹏欣家园,2室2厅,浦东,566,精装,91.45,1995
南,无电梯,高楼层(共5层),佘山家园,4室2厅,松江,239,其他,93.22,1995
南,有电梯,高楼层(共20层),丝庐雅苑(公寓),2室2厅,浦东,273,毛坯,88.76,1995
南,有电梯,中楼层(共5层),阁游路777弄,2室2厅,青浦,230,其他,89.89,1995
南,有电梯,高楼层(共17层),中星海上景庭,3室2厅,浦东,1250,精装,150.49,1995
南北,无电梯,中楼层(共6层),北华苑,2室2厅,宝山,440,简装,86.01,1995
南北,有电梯,低楼层(共20层),荣承公寓,3室1厅,徐汇,900,精装,125.3,1995
南,无电梯,高楼层(共6层),陆家嘴新景园,3室2厅,浦东,880,简装,143.61,1995
南,有电梯,低楼层(共14层),旭辉玫瑰湾,3室2厅,青浦,285,精装,89.96,1995
南,有电梯,中楼层(共18层),新城金郡,2室2厅,嘉定,305,精装,82.66,1995
南,无电梯,中楼层(共4层),荷风翠庭,1室1厅,浦东,95,简装,49.95,1995
南,无电梯,中楼层(共6层),行知家园,2室2厅,宝山,420,精装,81.53,1995
南,有电梯,低楼层(共12层),金桥瑞仕花园,2室2厅,浦东,1050,精装,112.1,1995
南,有电梯,高楼层(共16层),名都城(公寓),3室2厅,闵行,950,精装,138.47,1995
南,有电梯,中楼层(共9层),四季雅苑(公寓),3室2厅,浦东,1450,其他,165.8,1995
东南,有电梯,低楼层(共33层),瑞虹新城铭庭,2室2厅,虹口,910,精装,89.1,1995
南北,有电梯,中楼层(共24层),好世皇马苑,3室1厅,嘉定,410,其他,99,1995
南,无电梯,低楼层(共6层),阳光苑,3室1厅,浦东,285,毛坯,82.39,1995
南,无电梯,高楼层(共6层),华陇建中小区,2室1厅,浦东,310,简装,65.13,1995
南,无电梯,低楼层(共6层),晴川佳苑,3室2厅,浦东,410,其他,104.25,1995
南,无电梯,中楼层(共6层),紫荆园,2室2厅,徐汇,710,精装,94.21,1995
南,有电梯,高楼层(共28层),达安城,3室2厅,静安,1139,精装,132.1,1995
南,有电梯,低楼层(共36层),凯欣豪园,2室2厅,长宁,1100,精装,124.52,1995
南,有电梯,高楼层(共8层),新江湾佳苑,3室2厅,杨浦,850,精装,85.57,1995
西北,有电梯,中楼层(共16层),同心路116弄,2室1厅,虹口,445,简装,69.89,1995
南,有电梯,低楼层(共26层),海珀旭晖酒店式公寓,1室1厅,徐汇,512,精装,67.76,1995
暂无数据,有电梯,中楼层(共15层),上海绿城,3室2厅,浦东,1290,精装,136.51,1995
南,有电梯,高楼层(共25层),上海绿城,3室2厅,浦东,1300,精装,145.27,1995
南,有电梯,低楼层(共11层),浦江世博家园八街坊,3室2厅,闵行,419,简装,99.07,1995
东北,有电梯,中楼层(共8层),信和花园,2室2厅,浦东,728,精装,101.69,1995
南,有电梯,中楼层(共18层),万科清林径,3室2厅,浦东,405,精装,120.08,1995
南,有电梯,低楼层(共18层),汇智湖畔家园,2室2厅,浦东,750,精装,89.29,1995
南北,有电梯,中楼层(共11层),圣鑫苑,2室2厅,浦东,395,精装,109.56,1995
东南,有电梯,低楼层(共26层),瑞虹新城怡庭,2室2厅,虹口,850,精装,81,1995
东南,有电梯,低楼层(共17层),仁恒滨江园,4室2厅,浦东,2000,简装,187.06,1995
南,有电梯,高楼层(共28层),云海苑,5室3厅,静安,3290,精装,374.47,1995
南,有电梯,低楼层(共18层),静安豪景苑,3室2厅,静安,1400,精装,138.52,1995
南,无电梯,高楼层(共6层),巨龙台湾城,2室2厅,奉贤,200,简装,84.72,1995
南,有电梯,中楼层(共18层),万科金色城市,3室2厅,浦东,680,精装,78.1,1995
南,有电梯,高楼层(共14层),幸福小镇,1室1厅,浦东,269,简装,54.19,1995
南北,无电梯,高楼层(共6层),兰花小区,3室1厅,浦东,539,精装,84.6,1995
南,有电梯,中楼层(共11层),书院一号公寓,2室1厅,浦东,175,精装,95,1995
南北,有电梯,高楼层(共18层),阳光威尼斯AB区,2室2厅,普陀,459,精装,95.38,1995
南,无电梯,低楼层(共6层),万科阳光苑,2室2厅,闵行,310,其他,79.44,1995
南,有电梯,中楼层(共31层),碧云东壹栋,1室1厅,浦东,180,其他,68.1,1995
南北,有电梯,低楼层(共11层),德盈佳园,3室2厅,浦东,245,毛坯,140,1995
南,有电梯,低楼层(共11层),澳丽映象,2室1厅,嘉定,270,精装,86.33,1995
东南,有电梯,低楼层(共10层),金领国际(公寓),2室2厅,浦东,320,精装,85.89,1995
南,无电梯,高楼层(共6层),百花新村,3室1厅,浦东,260,其他,86.95,1995
南,有电梯,中楼层(共17层),嘉利豪园,3室2厅,长宁,900,简装,133.8,1995
南北,无电梯,高楼层(共6层),凌云新村,1室1厅,徐汇,232,其他,49.53,1995
南,有电梯,低楼层(共29层),联洋花园(二期),1室2厅,浦东,795,其他,91,1995
南,有电梯,低楼层(共18层),盛世豪园(一期),2室2厅,杨浦,600,其他,88,1995
南,有电梯,低楼层(共11层),保利金爵公寓,2室2厅,浦东,430,精装,89.36,1995
南西南,无电梯,低楼层(共6层),金杨二街坊,2室1厅,浦东,340,精装,58.86,1995
南,有电梯,高楼层(共24层),高安公寓,2室2厅,徐汇,978,精装,102.57,1995
南,无电梯,高楼层(共6层),金杨新村十街坊,2室2厅,浦东,375,其他,70.9,1995
南,无电梯,高楼层(共6层),宝仪花苑,2室1厅,闵行,470,简装,72,1995
南,无电梯,高楼层(共6层),榆汾新苑,2室2厅,杨浦,685,精装,107.8,1995
南,无电梯,高楼层(共6层),仁德路67弄10支弄,2室1厅,杨浦,440,精装,78.16,1995
南,有电梯,高楼层(共18层),保利天鹅语,2室2厅,嘉定,289,毛坯,80.23,1995
南,有电梯,高楼层(共14层),爱家亚洲花园,2室2厅,浦东,690,精装,98.98,1995
南,有电梯,低楼层(共13层),创世纪花园,3室2厅,徐汇,1150,简装,133.05,1995
南,有电梯,中楼层(共10层),安顺小区,2室1厅,长宁,455,简装,72.1,1995
南,有电梯,高楼层(共11层),连城新苑,2室2厅,浦东,530,毛坯,94.61,1995
南北,有电梯,高楼层(共14层),金地湾流域(公寓),2室1厅,浦东,630,精装,87,1995
南,无电梯,高楼层(共6层),绿川新苑,3室2厅,浦东,394,简装,99.04,1995
南,有电梯,中楼层(共11层),浦江世博家园二街坊,1室1厅,闵行,288,精装,65.08,1995
南北,有电梯,高楼层(共19层),仁恒森兰雅苑(二期),3室2厅,浦东,1160,精装,148.11,1995
东东南,有电梯,低楼层(共27层),步高苑,3室2厅,黄浦,1180,精装,138.38,1995
南,有电梯,中楼层(共7层),徐汇新城(公寓),2室1厅,徐汇,590,其他,92,1995
南,有电梯,低楼层(共9层),东兰世茗雅苑,3室2厅,闵行,685,精装,123.53,1995
南,无电梯,高楼层(共6层),上缝小区,2室1厅,徐汇,357,简装,67.13,1995
南,有电梯,中楼层(共15层),永翔佳苑,2室1厅,嘉定,340,精装,87.88,1995
南,无电梯,高楼层(共4层),宜浩佳园,2室1厅,浦东,220,精装,82.96,1995
南,有电梯,中楼层(共19层),中凯城市之光(静安),4室2厅,静安,1900,简装,162.63,1995
南,有电梯,高楼层(共9层),名都城(公寓),4室2厅,闵行,1050,精装,154.63,1995
南,有电梯,中楼层(共15层),中邦城市,3室2厅,浦东,509,精装,102.84,1995
南北,有电梯,低楼层(共11层),新凯二期,3室1厅,松江,295,毛坯,97.46,1995
南,有电梯,高楼层(共27层),万科海上传奇,3室2厅,浦东,742,其他,108.88,1995
南,无电梯,高楼层(共6层),梅园四街坊,2室1厅,浦东,580,简装,56.66,1995
南,有电梯,中楼层(共31层),淮海晶华苑,3室2厅,黄浦,1820,精装,213.88,1995
南北,无电梯,高楼层(共6层),清宁小区,2室1厅,长宁,287,精装,50.43,1995
南,有电梯,高楼层(共21层),阳光名苑,2室2厅,徐汇,980,精装,101.16,1995
南北,无电梯,中楼层(共6层),紫荆二村,3室1厅,嘉定,243,精装,96.89,1995
南,有电梯,低楼层(共17层),和欣国际花园,2室2厅,宝山,560,精装,97.6,1995
南,无电梯,高楼层(共6层),龙柏四村三小区,1室1厅,闵行,240,精装,48.56,1995
南,有电梯,中楼层(共33层),兆丰嘉园,2室2厅,长宁,1400,精装,139.45,1995
南,有电梯,低楼层(共14层),上海绿城,3室2厅,浦东,1100,精装,127,1995
南,无电梯,低楼层(共6层),金色碧云,2室1厅,浦东,900,精装,95.38,1995
南,有电梯,中楼层(共12层),新南路壹号(公寓),3室2厅,松江,395,精装,104.21,1995
南,无电梯,低楼层(共6层),江南星城,2室2厅,闵行,548,精装,85.5,1995
南,有电梯,中楼层(共8层),上海未来,3室2厅,浦东,1150,精装,140,1995
南,有电梯,低楼层(共9层),四季雅苑(公寓),4室2厅,浦东,1566,精装,174.23,1995
南,有电梯,高楼层(共34层),中远两湾城,3室2厅,普陀,919,精装,130.71,1995
南,有电梯,中楼层(共7层),东安一村,1室1厅,徐汇,290,简装,46.24,1995
南,有电梯,高楼层(共24层),新华苑,3室2厅,长宁,980,精装,152.41,1995
南,有电梯,高楼层(共14层),宝宸怡景园,3室2厅,宝山,555,毛坯,89.15,1995
南,有电梯,中楼层(共8层),达安长宁公寓,3室2厅,长宁,850,简装,113.36,1995
南北,有电梯,高楼层(共11层),远景佳苑二期,2室2厅,宝山,570,精装,98.27,1995
南北,有电梯,高楼层(共16层),和欣国际花园,2室1厅,宝山,450,精装,70.21,1995
南北,有电梯,低楼层(共11层),幸福小镇,3室2厅,浦东,570,精装,125.84,1995
南,有电梯,高楼层(共14层),西班牙名园,3室2厅,闵行,855,精装,131.71,1995
南,无电梯,高楼层(共7层),姚西小区,2室1厅,静安,300,简装,38.98,1995
南北,无电梯,中楼层(共6层),证大家园(二期),3室2厅,浦东,725,简装,105.24,1995
南,有电梯,低楼层(共30层),静安鼎鑫佳园,3室2厅,静安,1133,精装,175.79,1995
南北,有电梯,低楼层(共14层),金沙雅苑(三期),3室2厅,普陀,820,简装,140.16,1995
南北,有电梯,高楼层(共7层),金江家园,1室2厅,普陀,280,简装,54.61,1995
南,无电梯,高楼层(共6层),民乐佳苑,1室1厅,青浦,188,毛坯,63.86,1995
南,有电梯,高楼层(共7层),金汇花园四街坊,2室2厅,闵行,415,其他,87.17,1995
南,无电梯,中楼层(共6层),北大街108弄,1室1厅,嘉定,125,简装,37.25,1995
南,有电梯,低楼层(共18层),佳宁花园,2室2厅,闸北,650,精装,108.09,1995
南,有电梯,高楼层(共20层),中海御景熙岸(公寓),2室2厅,浦东,405,其他,87.22,1995
南北,有电梯,低楼层(共18层),保利星海屿,3室2厅,嘉定,379,精装,93.56,1995
南,无电梯,中楼层(共6层),银桥花园,2室1厅,闵行,260,简装,81.74,1995
东南,,高楼层(共26层),曹杨六村(兰溪园),2室1厅,普陀,358,其他,74.59,1995
南,无电梯,高楼层(共6层),益丰新村,2室2厅,浦东,370,精装,76,1995
南,有电梯,中楼层(共31层),耀江国际广场(公寓),2室2厅,虹口,850,精装,99.82,1995
南,无电梯,低楼层(共6层),德华四村,2室1厅,嘉定,235,简装,69.87,1995
南,有电梯,低楼层(共16层),美丽星城,2室2厅,松江,329,精装,87.4,1995
南,无电梯,低楼层(共6层),市光四村,2室1厅,杨浦,280,其他,53.56,1995
南,有电梯,高楼层(共11层),新浦江城(江栀路350弄),2室2厅,闵行,560,精装,92.45,1995
南,有电梯,中楼层(共13层),海尚康庭,2室2厅,浦东,255,精装,74.33,1995
南北,有电梯,高楼层(共16层),云阳花苑,2室2厅,长宁,567,精装,81.13,1995
南,无电梯,高楼层(共6层),南方新村,3室1厅,闵行,415,精装,83.8,1995
南,,高楼层(共14层),玉兰清苑,2室1厅,青浦,308,毛坯,69,1995
南北,无电梯,中楼层(共5层),高华小区,2室0厅,闵行,166,毛坯,50.29,1995
南北,无电梯,低楼层(共6层),田林十二村,1室0厅,徐汇,320,精装,32.29,1995
南,无电梯,高楼层(共6层),齐爱佳苑,2室2厅,浦东,360,精装,81.46,1995
南,有电梯,中楼层(共14层),临汾名城,2室2厅,闸北,560,精装,101.7,1995
南,无电梯,中楼层(共6层),锦龙苑,2室1厅,宝山,320,简装,73.92,1995
南,无电梯,中楼层(共6层),平顺小区,2室1厅,闸北,245,简装,52.24,1995
南,有电梯,高楼层(共10层),中凯城市之光(静安),4室2厅,静安,3030,精装,268.72,1995
南,无电梯,高楼层(共6层),大华公园世家康华苑,2室2厅,宝山,459,精装,84.43,1995
南北,有电梯,中楼层(共11层),衡辰三林苑,3室2厅,浦东,665,简装,118,1995
南,有电梯,低楼层(共10层),滨江雅苑,3室2厅,宝山,610,精装,118.14,1995
南,有电梯,中楼层(共17层),金汇豪庭,4室2厅,闵行,1450,精装,218.53,1995
南,有电梯,中楼层(共27层),天山河畔花园,3室2厅,长宁,1220,精装,141.32,1995
南,无电梯,中楼层(共6层),新青浦花苑(公寓),3室2厅,青浦,320,简装,128.73,1995
南,无电梯,低楼层(共5层),泰安公寓,3室2厅,青浦,220,毛坯,108.37,1995
南,无电梯,中楼层(共4层),世纪新城,3室2厅,松江,492,其他,129.11,1995
南北,无电梯,高楼层(共5层),广延路52弄,2室1厅,闸北,299.9,精装,47.77,1995
南,无电梯,中楼层(共6层),曲阳路594号,1室0厅,虹口,213,简装,33.82,1995
南,无电梯,中楼层(共6层),长寿新村(闵行),2室1厅,闵行,305,简装,60.19,1995
南,无电梯,高楼层(共6层),真北一街坊,1室1厅,普陀,206,其他,41.51,1995
南,,高楼层(共30层),瑞虹新城悦庭,3室2厅,虹口,2150,精装,171,1995
南,无电梯,中楼层(共6层),曙光新村(南桥),3室2厅,奉贤,265,简装,133.68,1995
南,无电梯,中楼层(共4层),绿城玉兰花园(二期),4室2厅,浦东,1580,简装,197.71,1995
南,无电梯,中楼层(共5层),塔城路850弄,2室1厅,嘉定,140,简装,47.2,1995
南,无电梯,中楼层(共6层),连城苑,3室2厅,浦东,770,其他,124.55,1995
南,无电梯,低楼层(共6层),塔城小区,2室1厅,嘉定,178,其他,60.92,1995
南,有电梯,低楼层(共11层),流晶逸彩,3室2厅,闵行,729,精装,131.96,1995
南,有电梯,中楼层(共8层),绿洲城市花园,2室2厅,普陀,800,毛坯,103.8,1995
南,有电梯,中楼层(共17层),九龙仓滨江壹十八,5室2厅,浦东,4200,精装,364.8,1995
南,有电梯,中楼层(共11层),马陆清水湾,3室1厅,嘉定,420,其他,140.74,1995
南,,中楼层(共17层),崧泽华城佳福雅苑,2室1厅,青浦,200,其他,75.34,1995
南北,有电梯,高楼层(共12层),香逸湾,3室2厅,宝山,380,精装,88.23,1995
南,有电梯,低楼层(共9层),古北嘉年华庭,1室1厅,长宁,608,精装,70.99,1995
南,有电梯,中楼层(共11层),金领国际(公寓),2室2厅,浦东,300,精装,84.58,1995
南,无电梯,高楼层(共6层),寿益坊,2室1厅,徐汇,420,精装,62.4,1995
南西南,无电梯,高楼层(共6层),平阳一村,1室1厅,闵行,238,简装,48.69,1995
南,有电梯,高楼层(共17层),春申景城湖滨晨韵,2室1厅,闵行,461,精装,67.2,1995
南北,有电梯,低楼层(共11层),浦江世博家园十三街坊,2室2厅,闵行,355,精装,86.63,1995
南,无电梯,高楼层(共6层),曹杨五村(南杨园),1室1厅,普陀,210,精装,39.25,1995
南北,无电梯,低楼层(共6层),梅苑,2室1厅,徐汇,308,精装,61.35,1995
南,无电梯,中楼层(共6层),万泰花园,1室1厅,闵行,295,精装,47.6,1995
南,有电梯,中楼层(共7层),同心路125弄,1室1厅,虹口,235,精装,37.4,1995
南,无电梯,中楼层(共6层),共富一村,3室1厅,宝山,328,毛坯,89.6,1995
南,无电梯,低楼层(共5层),万科假日风景(公寓),2室2厅,闵行,565,简装,91.54,1995
南,有电梯,中楼层(共11层),华虹公寓,3室2厅,虹口,1100,精装,142.3,1995
东,有电梯,中楼层(共14层),佳信都市花园(公寓),2室2厅,长宁,920,其他,126.65,1995
南,有电梯,低楼层(共18层),星颂家园,2室2厅,浦东,300,毛坯,82.13,1995
南,无电梯,中楼层(共6层),华亭新家百合苑,3室2厅,松江,368,简装,117.72,1995
南北,无电梯,低楼层(共6层),金巷小区,3室2厅,浦东,458,简装,101.41,1995
南北,无电梯,高楼层(共6层),罗山三村,1室1厅,浦东,228,精装,48.07,1995
南,无电梯,低楼层(共6层),文怡花园,2室1厅,奉贤,226,其他,84.7,1995
南北,无电梯,中楼层(共6层),嘉丰新苑,3室2厅,闵行,558,其他,116.5,1995
南,无电梯,高楼层(共6层),西郊九韵城,2室2厅,闵行,285,毛坯,72.78,1995
南,有电梯,低楼层(共18层),鸿凯湾绿苑,3室2厅,长宁,1250,精装,131.99,1995
南,无电梯,高楼层(共6层),沪江新苑,3室2厅,闵行,350,简装,91.66,1995
南北,有电梯,低楼层(共26层),金宝大厦,3室2厅,虹口,730,其他,147.83,1995
南,有电梯,低楼层(共18层),新弘国际城(公寓),2室2厅,松江,274,精装,88.83,1995
南北,无电梯,高楼层(共7层),三门路510弄,2室1厅,杨浦,278,简装,64.22,1995
南,有电梯,低楼层(共11层),万科新里程,3室2厅,浦东,930,其他,113.45,1995
南,有电梯,高楼层(共22层),国际丽都城,3室2厅,静安,2398,精装,178.51,1995
南,无电梯,高楼层(共7层),宏明雅舍,3室1厅,闵行,520,精装,103.35,1995
南,无电梯,高楼层(共6层),李园一村,3室2厅,嘉定,263,精装,92.49,1995
南,有电梯,高楼层(共13层),乾鸿苑,2室2厅,虹口,740,精装,112.01,1995
南,无电梯,中楼层(共6层),丰庄十二街坊,1室1厅,嘉定,208,精装,47.47,1995
南,有电梯,中楼层(共26层),海悦花园,3室2厅,黄浦,1500,精装,150.2,1995
南,无电梯,中楼层(共6层),平南三四村,2室1厅,闵行,408,其他,68.09,1995
南,无电梯,中楼层(共6层),新陈路428弄,3室1厅,浦东,430,简装,100.15,1995
南,有电梯,低楼层(共30层),中信和平家园,2室2厅,虹口,770,简装,89.17,1995
南,无电梯,中楼层(共6层),鹏海小区,2室1厅,浦东,318,精装,61.01,1995
南,有电梯,中楼层(共24层),馨宁公寓,2室1厅,徐汇,350,精装,62.28,1995
南,有电梯,低楼层(共30层),浦东世纪花园(公寓),4室2厅,浦东,2100,精装,226.39,1995
南,无电梯,低楼层(共7层),静安新城九区,2室2厅,闵行,460,精装,72.53,1995
南,有电梯,中楼层(共28层),沪太家具大厦,2室1厅,闸北,430,其他,74.3,1995
南,有电梯,低楼层(共25层),春申景城MIDTOWN,3室2厅,闵行,915,精装,137.5,1995
南北,有电梯,低楼层(共14层),浦润苑,2室2厅,闵行,290,毛坯,90.02,1995
南,有电梯,中楼层(共19层),加州水郡,3室2厅,杨浦,1295,精装,164.07,1995
南,有电梯,低楼层(共34层),中远两湾城,1室2厅,普陀,590,精装,75.45,1995
南北,有电梯,低楼层(共23层),绿洲康城亲水湾(中央区),3室2厅,浦东,435,毛坯,99.29,1995
南,有电梯,低楼层(共31层),和源名城,2室2厅,闸北,405,简装,79.81,1995
南,无电梯,中楼层(共6层),香楠小区,3室1厅,浦东,390,简装,80.34,1995
南,无电梯,高楼层(共6层),市光四村,2室1厅,杨浦,315,精装,61.71,1995
南,有电梯,高楼层(共32层),锦绿新城,2室2厅,普陀,750,精装,100.82,1995
南,无电梯,中楼层(共5层),彭五小区,2室0厅,闸北,215,简装,45.97,1995
南北,,中楼层(共28层),紫薇茗庭,2室1厅,松江,173.8,毛坯,67.17,1995
南,无电梯,中楼层(共5层),南草坪花园(公寓),3室2厅,静安,2280,精装,172.02,1995
南,无电梯,高楼层(共6层),银丰苑,3室2厅,浦东,410,毛坯,129.64,1995
西,有电梯,低楼层(共12层),嘉业海悦苑,1室1厅,奉贤,119,精装,65.65,1995
北,无电梯,高楼层(共7层),中华小区,1室1厅,长宁,200,简装,35.25,1995
南,无电梯,低楼层(共6层),绿星小区,2室2厅,浦东,310,简装,80.44,1995
南,无电梯,中楼层(共7层),汝南街小区,3室1厅,黄浦,668,精装,88.64,1995
南,有电梯,低楼层(共35层),虹桥衡园,2室2厅,闵行,630,精装,113.73,1995
南北,无电梯,中楼层(共6层),金恒小区,3室1厅,浦东,498,简装,88.17,1995
南,无电梯,低楼层(共6层),胶南小区,2室1厅,浦东,260,其他,48.97,1995
南北,有电梯,中楼层(共24层),新弘国际公寓,3室2厅,闸北,1150,精装,148.02,1995
南,有电梯,中楼层(共30层),国信世纪海景,3室2厅,浦东,1850,精装,196.42,1995
南,有电梯,中楼层(共7层),南国花园,4室2厅,闵行,588,精装,137.21,1995
南,无电梯,高楼层(共5层),万科城市花园,3室2厅,闵行,680,精装,169.2,1995
南,有电梯,低楼层(共25层),嘉宝紫提湾(公寓),1室2厅,嘉定,260,精装,70.11,1995
西南,无电梯,高楼层(共6层),黄山始信苑,2室2厅,浦东,565,简装,70.01,1995
南,有电梯,高楼层(共24层),仁恒公园世纪,4室2厅,浦东,2680,精装,245,1995
南,无电梯,低楼层(共6层),四季绿城,2室2厅,宝山,450,精装,88.75,1995
南,有电梯,中楼层(共16层),联洋花园(一期),3室2厅,浦东,1150,精装,132.63,1995
南,有电梯,低楼层(共26层),仁恒河滨城(一期),5室3厅,浦东,2080,精装,226.17,1995
南,无电梯,高楼层(共6层),山水景苑,3室1厅,松江,390,毛坯,116.73,1995
南,无电梯,中楼层(共6层),江海新村,2室2厅,奉贤,162,其他,81,1995
南,无电梯,高楼层(共6层),新泾五村,1室1厅,长宁,240,其他,49.7,1995
南北,有电梯,低楼层(共20层),惠民公寓,2室1厅,宝山,385,精装,90.13,1995
南北,有电梯,中楼层(共18层),中环一号(三期),3室2厅,宝山,560,精装,99.75,1995
南北,无电梯,中楼层(共5层),万科桂馨苑,3室2厅,闵行,740,简装,132.8,1995
南,无电梯,中楼层(共6层),由由四村,2室1厅,浦东,249,简装,51.8,1995
南,有电梯,高楼层(共9层),锦绣江南(一期),3室2厅,闵行,770,精装,118.55,1995
南北,有电梯,中楼层(共11层),浦江世博家园十五街坊,2室2厅,闵行,346,精装,79.42,1995
南,有电梯,高楼层(共24层),宝地东花园,2室2厅,杨浦,810,精装,95.49,1995
南,无电梯,中楼层(共6层),文化花园清华苑,3室2厅,杨浦,740,其他,124.3,1995
南,有电梯,低楼层(共37层),尚海湾豪庭,3室2厅,徐汇,1650,精装,165.93,1995
南,有电梯,高楼层(共22层),山水国际,3室2厅,浦东,1570,精装,148.39,1995
南,有电梯,低楼层(共14层),绿洲康城亲水湾(中央区),3室2厅,浦东,515,精装,108.96,1995
南,无电梯,高楼层(共6层),杨镇新村,2室1厅,浦东,340,简装,84.58,1995
南,无电梯,高楼层(共6层),昱龙家园,2室2厅,浦东,265,毛坯,74,1995
南,有电梯,低楼层(共22层),中星宜川花苑,2室1厅,普陀,385,精装,69.37,1995
南北,,低楼层(共14层),仁和都市花园,3室2厅,浦东,605,其他,93,1995
东南南,有电梯,中楼层(共7层),北蒙三小区,1室0厅,黄浦,295,简装,34.4,1995
南,无电梯,低楼层(共6层),金泽苑,2室2厅,浦东,460,简装,87.34,1995
南,无电梯,低楼层(共6层),昌四小区,1室1厅,浦东,230,精装,45.01,1995
南,,中楼层(共19层),云华公寓,2室2厅,静安,740,简装,101.61,1995
南北,有电梯,高楼层(共17层),春申景城湖畔林语,3室2厅,闵行,895,精装,123.74,1995
南,有电梯,高楼层(共18层),宝虹水岸景苑,2室2厅,宝山,305,毛坯,77.94,1995
南北,无电梯,中楼层(共6层),东方悦居,1室1厅,浦东,310,毛坯,53.55,1995
南,无电梯,中楼层(共6层),万荣小区,2室1厅,上海周边,295,简装,55.11,1995
南,无电梯,低楼层(共6层),齐二小区,1室1厅,浦东,208,简装,40.01,1995
南,无电梯,低楼层(共6层),牡丹路186弄,2室1厅,浦东,420,毛坯,66.18,1995
南,无电梯,低楼层(共6层),运光小区,1室1厅,虹口,200,简装,38,1995
南,无电梯,中楼层(共6层),水丰路61弄,2室1厅,杨浦,430,其他,69.99,1995
南,无电梯,中楼层(共5层),昌鑫花园(公寓),2室2厅,松江,315,毛坯,87.14,1995
南北,有电梯,低楼层(共13层),一品漫城(四期)(公寓),2室2厅,闵行,470,其他,83.21,1995
南,无电梯,低楼层(共6层),歌林春天馨园,2室1厅,闸北,745,精装,92.37,1995
南,有电梯,高楼层(共18层),华容小区,1室1厅,徐汇,295,简装,40.81,1995
南,无电梯,中楼层(共7层),永兴路300号,1室0厅,闸北,235,其他,34.57,1995
南,无电梯,高楼层(共6层),万登花苑,3室2厅,杨浦,728,精装,143.13,1995
南,有电梯,低楼层(共18层),宝宸共和家园,2室2厅,宝山,500,精装,98.83,1995
南北,无电梯,中楼层(共6层),嘉和坊,1室1厅,嘉定,210,毛坯,47.43,1995
东南,无电梯,高楼层(共6层),长桥一村,2室1厅,徐汇,430,简装,66.75,1995
南,无电梯,低楼层(共6层),锦苑小区(虹口),1室1厅,虹口,185,简装,36.42,1995
南,无电梯,中楼层(共6层),淞南七村,1室1厅,宝山,195,简装,48.61,1995
南北,有电梯,低楼层(共16层),新梅共和城,3室2厅,闸北,800,毛坯,119.77,1995
南北,有电梯,高楼层(共17层),春申景城湖畔林语,5室2厅,闵行,1380,简装,190.74,1995
东南,有电梯,中楼层(共11层),碧云东方公寓,3室2厅,浦东,1150,精装,142.66,1995
南北,有电梯,低楼层(共27层),盘古天地,4室2厅,嘉定,455,精装,128.04,1995
南,有电梯,中楼层(共19层),仁恒森兰雅苑(二期),4室2厅,浦东,1485,精装,212,1995
南,无电梯,高楼层(共5层),菊泉新城(陆翔路678弄),2室2厅,宝山,275,其他,89.65,1995
南,有电梯,低楼层(共24层),东五小区(虹口),2室1厅,虹口,453,简装,66.13,1995
南,无电梯,中楼层(共7层),康泰新城,4室2厅,宝山,550,简装,134.37,1995
南,无电梯,中楼层(共6层),南杨小区(长清路),2室1厅,浦东,280,精装,55,1995
南,有电梯,低楼层(共16层),京西大楼,2室1厅,静安,475,简装,55,1995
南,无电梯,中楼层(共5层),八一小区,2室0厅,虹口,254,简装,45.74,1995
南,无电梯,低楼层(共6层),普乐二村,2室1厅,闵行,225,毛坯,61.86,1995
南,有电梯,低楼层(共8层),皇都花园(公寓),3室2厅,闵行,1300,精装,169.99,1995
南,有电梯,中楼层(共34层),中宁大楼,2室1厅,普陀,490,简装,82.22,1995
南,无电梯,高楼层(共6层),古美小区,2室1厅,闵行,270,精装,59.82,1995
南,有电梯,高楼层(共18层),汇锦城二期,2室2厅,浦东,260,毛坯,89,1995
南,有电梯,中楼层(共11层),新凯二期,3室2厅,松江,328,简装,97.5,1995
南,有电梯,中楼层(共13层),铂金华府,2室2厅,宝山,698,精装,99.44,1995
南,无电梯,低楼层(共6层),长风一村小区,2室1厅,普陀,340,简装,61.02,1995
南,无电梯,高楼层(共6层),福海小区,1室1厅,黄浦,300,精装,42,1995
南,有电梯,高楼层(共17层),金地自在城(二期),3室2厅,松江,338,精装,94.05,1995
南北,有电梯,低楼层(共14层),欣佳宝邸,3室2厅,闵行,290,毛坯,98.91,1995
南,无电梯,低楼层(共6层),梅陇九村,1室1厅,徐汇,200,毛坯,43.07,1995
南,,低楼层(共16层),农房唐镇壹号,2室2厅,浦东,435,精装,109,1995
南西南,有电梯,低楼层(共32层),艾格美国际公寓,2室1厅,静安,980,精装,100.69,1995
南,有电梯,中楼层(共14层),金碧汇虹苑,2室2厅,奉贤,215,其他,100.93,1995
南,无电梯,高楼层(共6层),龙柏七村,2室1厅,闵行,375,简装,74.4,1995
南,无电梯,高楼层(共6层),光华园,3室1厅,徐汇,638,简装,80.82,1995
南,有电梯,低楼层(共24层),陆家嘴花园(一期),2室2厅,浦东,1130,精装,108.86,1995
南,无电梯,高楼层(共6层),文汇小区(浦东),2室1厅,浦东,275,精装,64.1,1995
西,无电梯,低楼层(共6层),仙霞别墅,2室1厅,长宁,420,精装,61,1995
南,无电梯,高楼层(共6层),普陀四村,1室1厅,普陀,215,精装,37.9,1995
南,有电梯,低楼层(共24层),柳林公寓,3室2厅,虹口,630,精装,136.77,1995
东南,有电梯,高楼层(共23层),梅陇四村,2室1厅,徐汇,430,其他,81.68,1995
南,有电梯,低楼层(共35层),汇豪天下,3室2厅,浦东,1400,其他,145,1995
南,无电梯,高楼层(共6层),建华公寓,2室1厅,浦东,605,简装,79.79,1995
南北,有电梯,中楼层(共32层),静安城,3室2厅,静安,1080,精装,167.67,1995
南,无电梯,高楼层(共6层),长风二村风荷园,2室0厅,普陀,245,简装,43.33,1995
南,无电梯,中楼层(共6层),丰怡苑,1室1厅,浦东,206,其他,52.3,1995
南北,有电梯,低楼层(共11层),浦江宝邸北区,2室2厅,闵行,229,精装,78.17,1995
南,无电梯,高楼层(共6层),虹口玫瑰苑,3室2厅,虹口,690,精装,114.09,1995
东西,有电梯,低楼层(共17层),汇秀景苑一街坊,2室1厅,闵行,230,毛坯,80.33,1995
南北,无电梯,中楼层(共5层),金港花园(公寓),3室2厅,松江,365,简装,118.62,1995
南,有电梯,高楼层(共29层),爱邦大厦,3室2厅,徐汇,730,毛坯,161.12,1995
南,有电梯,中楼层(共18层),惠益新苑,1室1厅,浦东,150,毛坯,58.17,1995
南,无电梯,高楼层(共6层),弘扬公寓,3室2厅,浦东,800,毛坯,126.03,1995
南,有电梯,高楼层(共11层),今日丽园,4室2厅,长宁,1680,精装,268.47,1995
南,有电梯,低楼层(共11层),四季绿城,2室2厅,宝山,399,精装,88.9,1995
南北,有电梯,中楼层(共11层),万科四季花城,3室1厅,宝山,345,其他,87.69,1995
南,无电梯,高楼层(共6层),好旺花苑,1室1厅,宝山,225,精装,45.99,1995
南,无电梯,高楼层(共6层),康桥月苑,2室2厅,浦东,266,精装,72.27,1995
南,有电梯,高楼层(共17层),上海康城,2室2厅,闵行,350,精装,93.07,1995
南,有电梯,中楼层(共17层),中金海棠湾(公寓),2室1厅,浦东,438,其他,100.58,1995
南,有电梯,中楼层(共10层),银河新都,2室1厅,闵行,318,毛坯,71.74,1995
南,无电梯,中楼层(共6层),航华四村,2室1厅,闵行,275,简装,64.21,1995
南,有电梯,低楼层(共12层),香梅花园(二期),3室2厅,浦东,1250,精装,156.88,1995
东,有电梯,中楼层(共36层),凯欣豪园,1室0厅,长宁,510,精装,52.46,1995
南,无电梯,中楼层(共6层),西木小区,1室1厅,徐汇,299,精装,43.62,1995
南,无电梯,低楼层(共6层),罗山一村,1室2厅,浦东,245,其他,50.61,1995
南,,中楼层(共16层),天居玲珑湾(公寓),2室2厅,嘉定,228,精装,85.03,1995
南,有电梯,中楼层(共16层),贝尚湾(公寓),2室2厅,松江,480,其他,87.81,1995
南,有电梯,中楼层(共9层),文化花园清华苑,2室2厅,杨浦,630,其他,98.92,1995
南,有电梯,低楼层(共18层),上海绿城,2室2厅,浦东,1030,精装,121.16,1995
南,无电梯,高楼层(共6层),古美八村,2室1厅,闵行,285,其他,62.33,1995
南,有电梯,中楼层(共11层),万科时一区,3室2厅,闵行,1128,精装,128,1995
南,无电梯,中楼层(共6层),海高二村,2室1厅,浦东,192,简装,54.86,1995
南,无电梯,高楼层(共6层),杨镇新村,2室1厅,浦东,288,简装,71.45,1995
南北,无电梯,高楼层(共6层),原水小区(制造局路208弄),3室2厅,黄浦,1050,简装,139.37,1995
南,有电梯,低楼层(共12层),锦绣江南(四期),3室2厅,闵行,900,精装,141.69,1995
南,无电梯,中楼层(共6层),东兰兴城(惠兰苑),2室2厅,闵行,585,精装,97.8,1995
南北,有电梯,中楼层(共14层),博山公寓,3室2厅,浦东,570,精装,110.84,1995
南,有电梯,中楼层(共14层),金桥新城,3室2厅,浦东,710,简装,129.38,1995
南,有电梯,低楼层(共31层),圣约翰名邸,2室2厅,长宁,888,精装,99.17,1995
南,无电梯,高楼层(共6层),雪野二村,1室1厅,浦东,225,精装,36.79,1995
南北,无电梯,高楼层(共6层),嘉骏香山苑,2室2厅,宝山,360,毛坯,77.37,1995
南,无电梯,高楼层(共6层),丰庄十四街坊,2室1厅,嘉定,245,简装,60.15,1995
南北,有电梯,低楼层(共16层),上海康城,3室2厅,闵行,440,精装,129.43,1995
南,无电梯,高楼层(共6层),春港丽园(公寓),3室1厅,浦东,370,精装,88.29,1995
暂无数据,有电梯,低楼层(共14层),中冶尚城,2室2厅,浦东,510,毛坯,87.48,1995
南,有电梯,中楼层(共12层),保利御樽苑(公寓),4室2厅,浦东,1050,毛坯,191.72,1995
南,有电梯,中楼层(共18层),武定大楼,1室1厅,静安,398,精装,47.1,1995
南,无电梯,低楼层(共6层),润和苑,2室2厅,松江,270,简装,93.84,1995
南,有电梯,低楼层(共15层),云锦东方(公寓),3室2厅,徐汇,2880,精装,198.9,1995
南,无电梯,低楼层(共6层),瑞达苑,2室2厅,浦东,550,简装,80.96,1995
南北,无电梯,中楼层(共6层),鹤庆苑,3室2厅,闵行,460,简装,120.33,1995
南,无电梯,中楼层(共6层),俞一小区,2室1厅,徐汇,358,精装,56.63,1995
南,有电梯,低楼层(共37层),尚海湾豪庭,4室2厅,徐汇,2350,精装,225.04,1995
南,无电梯,中楼层(共6层),绿川小区,2室1厅,浦东,320,其他,66.68,1995
南,无电梯,低楼层(共6层),翔川家园,2室1厅,浦东,420,其他,79.75,1995
南,有电梯,低楼层(共19层),安居花苑,2室1厅,杨浦,498,简装,90.3,1995
南,有电梯,低楼层(共18层),中华新路485弄,2室1厅,闸北,480,简装,78.31,1995
南北,有电梯,中楼层(共14层),象屿都城,3室1厅,松江,369,精装,90.38,1995
东南,有电梯,高楼层(共49层),世茂滨江花园,2室2厅,浦东,1300,精装,139,1995
南北,无电梯,高楼层(共6层),丰舍西苑,2室1厅,浦东,298,精装,70.17,1995
南北,无电梯,中楼层(共6层),静安新城一区,2室2厅,闵行,425,精装,77,1995
南,有电梯,高楼层(共16层),九城湖滨国际,1室2厅,松江,300,精装,59.93,1995
南北,无电梯,高楼层(共6层),栅桥小区,2室1厅,嘉定,220,其他,68.03,1995
南,有电梯,低楼层(共26层),爱家亚洲花园,4室2厅,浦东,1180,精装,181.96,1995
南,无电梯,高楼层(共5层),德州二村,2室1厅,浦东,275,简装,53.15,1995
南,无电梯,高楼层(共6层),莲琼苑,2室2厅,浦东,485,简装,88.25,1995
南,有电梯,低楼层(共8层),菊泉新城(陆翔路698弄),2室1厅,宝山,259,其他,83.11,1995
南,有电梯,低楼层(共28层),汇豪天下,3室2厅,浦东,1288,精装,149.28,1995
南,无电梯,低楼层(共6层),金桥新城,2室2厅,浦东,490,精装,92.2,1995
南,有电梯,高楼层(共21层),当代清水园,5室3厅,浦东,2030,精装,209.24,1995
南北,无电梯,中楼层(共6层),纯翠苑,2室2厅,浦东,535,精装,89.67,1995
南,无电梯,中楼层(共5层),中天碧云,3室2厅,浦东,1200,精装,133.48,1995
南北,无电梯,中楼层(共6层),金杨七街坊,2室1厅,浦东,290,简装,58.78,1995
南,无电梯,高楼层(共6层),古美西路316弄,2室1厅,闵行,375,其他,73.42,1995
南,无电梯,中楼层(共6层),共康四村,1室1厅,闸北,170,简装,36.45,1995
东,有电梯,高楼层(共7层),蒙自新村,2室1厅,黄浦,398,毛坯,59.01,1995
南,有电梯,中楼层(共14层),海派青城,1室1厅,松江,145,毛坯,44.73,1995
南,无电梯,低楼层(共6层),华景苑,3室2厅,浦东,605,毛坯,139.41,1995
南,无电梯,高楼层(共6层),江桥二村,1室0厅,嘉定,160,精装,38.8,1995
南,有电梯,高楼层(共16层),骏景雅苑,4室2厅,宝山,730,毛坯,134,1995
南,无电梯,低楼层(共6层),新闵小区,2室1厅,闵行,215,毛坯,59.9,1995
南,无电梯,低楼层(共6层),河间路1077弄,1室1厅,杨浦,172,其他,38.5,1995
南,无电梯,高楼层(共6层),三佳苑,1室1厅,闵行,258,毛坯,57.03,1995
南,有电梯,中楼层(共27层),中山大厦,3室2厅,虹口,605,简装,103.59,1995
南,无电梯,高楼层(共6层),汇成二村,2室1厅,徐汇,350,简装,63.7,1995
南,有电梯,低楼层(共18层),金地自在城(二期),3室2厅,松江,430,毛坯,128.88,1995
南,无电梯,高楼层(共6层),水塘小区,2室1厅,普陀,243,简装,54.81,1995
南,,中楼层(共18层),海尚墅林苑,2室2厅,奉贤,160,简装,86.58,1995
南,无电梯,高楼层(共6层),国和路611弄,2室1厅,杨浦,260,其他,53.98,1995
南,有电梯,低楼层(共7层),大桥花苑,1室1厅,浦东,235,简装,44.7,1995
南,无电梯,高楼层(共6层),曙光新苑,3室2厅,奉贤,275,其他,111,1995
南,有电梯,低楼层(共14层),名仕豪庭(公寓),2室2厅,松江,310,毛坯,89.69,1995
南,无电梯,中楼层(共6层),汇丽苑,3室2厅,浦东,450,毛坯,122,1995
南,,高楼层(共18层),中建锦绣天地,3室2厅,青浦,650,毛坯,88.6,1995
南,有电梯,低楼层(共23层),香梅花园(三-五期),1室2厅,浦东,680,精装,82.01,1995
南北,无电梯,低楼层(共6层),菊泉新城(菊盛路50弄),2室1厅,宝山,275,精装,79.17,1995
南,有电梯,高楼层(共24层),联洋年华,1室2厅,浦东,730,其他,73.76,1995
南,无电梯,中楼层(共6层),香山新村东南街坊,2室1厅,浦东,270,其他,51.66,1995
南,有电梯,中楼层(共7层),虹光公寓,3室2厅,虹口,730,精装,106.6,1995
南北,无电梯,低楼层(共6层),莲浦新苑,3室2厅,闵行,698,精装,135.55,1995
南,有电梯,高楼层(共26层),海珀旭晖酒店式公寓,1室2厅,徐汇,550,精装,67.88,1995
南,有电梯,高楼层(共11层),中虹花园锦绣文华,2室1厅,虹口,750,精装,96.65,1995
南,有电梯,低楼层(共12层),三湘世纪花城,3室2厅,杨浦,830,简装,126.15,1995
南,有电梯,低楼层(共17层),好世鹿鸣苑,1室1厅,闵行,465,精装,64.58,1995
南,有电梯,高楼层(共18层),田林十四村,1室1厅,徐汇,320,精装,45.34,1995
东,有电梯,中楼层(共28层),云海苑,4室2厅,静安,1899,简装,197.97,1995
南北,有电梯,20层2006年建板楼),远中风华园(公寓),3室2厅,静安,1840,精装,160.82,
南,有电梯,中楼层(共18层),阳光花城,2室2厅,浦东,650,毛坯,97.62,1995
南,有电梯,中楼层(共31层),阳光美景城,3室2厅,闵行,848,精装,143.72,1995
南北,有电梯,高楼层(共7层),汇元坊,3室2厅,杨浦,860,精装,131.53,1995
南北,有电梯,低楼层(共16层),布鲁斯小镇(二期),2室2厅,浦东,255,毛坯,97,1995
南,无电梯,高楼层(共6层),桃林一小区,3室1厅,浦东,850,简装,119.54,1995
南,有电梯,中楼层(共14层),金东名苑,2室2厅,浦东,545,精装,86,1995
南,有电梯,高楼层(共12层),花木苑,3室2厅,浦东,900,精装,146.21,1995
南,,低楼层(共15层),虞泽苑,3室2厅,浦东,550,毛坯,116,1995
南,无电梯,高楼层(共6层),鹤北新村,2室1厅,闵行,265,简装,69.8,1995
南,有电梯,低楼层(共26层),瑞虹新城怡庭,2室2厅,虹口,1010,精装,102.38,1995
南,无电梯,中楼层(共6层),财大小区,2室1厅,杨浦,330,简装,59.5,1995
南,有电梯,高楼层(共12层),南洋新都,3室2厅,长宁,860,简装,127.42,1995
南,,低楼层(共10层),佳兆业珊瑚湾(公寓),1室1厅,奉贤,93,精装,50.57,1995
南,无电梯,中楼层(共6层),洋泾花园城,3室2厅,浦东,770,简装,128.49,1995
南,无电梯,低楼层(共7层),华佳花园,2室2厅,浦东,405,精装,77.36,1995
南,有电梯,高楼层(共8层),毕加索小镇(一期)(公寓),3室2厅,浦东,780,其他,138,1995
南,无电梯,高楼层(共7层),眉州路515弄,2室1厅,杨浦,295,精装,52.91,1995
南,,低楼层(共6层),宜达新居,1室2厅,青浦,210,毛坯,60.63,1995
南,有电梯,低楼层(共17层),浦江宝邸,1室1厅,闵行,170,毛坯,59.99,1995
南,无电梯,低楼层(共6层),罗山花苑,2室2厅,浦东,695,精装,69.09,1995
南,有电梯,低楼层(共11层),万科阳光苑,3室2厅,闵行,572,其他,139.24,1995
南,无电梯,低楼层(共6层),新世纪花苑(二期)(浦东),1室1厅,浦东,232,简装,48.13,1995
南,无电梯,高楼层(共6层),葑润华庭,3室2厅,宝山,430,毛坯,110.46,1995
南,有电梯,低楼层(共30层),复地新都国际,1室1厅,闸北,630,精装,69.59,1995
南,无电梯,高楼层(共6层),长宁支路318弄,2室1厅,长宁,355,简装,57.6,1995
南,有电梯,低楼层(共16层),万邦都市花园,3室2厅,浦东,900,简装,127.3,1995
南,无电梯,低楼层(共6层),汇成五村,1室1厅,徐汇,235,毛坯,36.2,1995
东,无电梯,中楼层(共7层),蒙自路395弄,1室1厅,黄浦,230,简装,31.4,1995
南,有电梯,高楼层(共14层),黄兴绿园,3室2厅,杨浦,880,精装,129.09,1995
南北,有电梯,低楼层(共22层),徐汇苑,3室2厅,徐汇,2120,精装,207,1995
南北,有电梯,高楼层(共35层),永业公寓,3室2厅,黄浦,1580,精装,143.39,1995
南,无电梯,高楼层(共6层),水电新村,1室2厅,杨浦,260,精装,57.62,1995
南,,中楼层(共11层),祥安菊苑,3室2厅,浦东,250,其他,126.58,1995
南北,无电梯,低楼层(共6层),梅陇四村,2室1厅,徐汇,320,其他,64.58,1995
南,,高楼层(共18层),翔和雅苑,2室1厅,嘉定,260,毛坯,69.6,1995
南,有电梯,低楼层(共11层),华泾绿苑,1室1厅,徐汇,310,毛坯,64.56,1995
